Title,Channel,Topic,Genre
Apple Took Years to Catch Up. Kilo Code Took 6 Weeks--and It's Coming for Lovable, Cursor, Replit,AI News & Strategy Daily | Nate B Jones,AI,video
Google‚Äôs AI CEO Just Called Out OpenAI Over AGI Claims,TheAIGRID,AI,video
Supply Chain Expert Answers Chinese Manufacturing Questions | Tech Support | WIRED,WIRED,AI,video
Google DeepMind chief warns AI investment looks ‚Äòbubble-like‚Äô | FT Interview,Financial Times,AI,interview
AI mistakes you're probably making,Theo - t3‚Ä§gg,AI,video
Alex O'Connor on God, consciousness, and changing his mind,Unsolicited advice and Alex O'Connor,Philosophy,video
Claude Code Let's Build: The AI Video Oracle (Qwen3 TTS),All About AI,AI,video
Build Hour: Apps in ChatGPT,OpenAI,AI,video
Building Memory For AI Agents,YC Root Access,AI,video
I got a private lesson on Claude Cowork & Claude Code,Greg Isenberg,AI,video
This Is How You Know AGI Is Close...,TheAIGRID,AI,video
Vibecoder is jailed and strip searched...,Wes Roth,AI,video
Conversation with Satya Nadella, CEO of Microsoft | World Economic Forum Annual Meeting 2026,World Economic Forum,Finance,video
Cathie Wood's Big Ideas 2026 Recap,ARK Invest,General,video
Codex Should Completely Change The Way You Think About Work,Neil - Accelerate,Coding,video
FULL: Palantir CEO Alex Karp Warns AI Will Redefine Power, War, and Economies at WEF | AI1G,DRM News,AI,video
Conversation with Jensen Huang, President and CEO of NVIDIA | WEF Annual Meeting 2026,World Economic Forum,Finance,video
Why Deeply Integrating AI 3x's Likelihood of Financial Gains from AI,The AI Daily Brief: Artificial Intelligence News,AI,video
Claude Code Is Taking Over (And We Don't Hate It),AI For Humans,AI,video
The Builders Who Figure This Out First Will Be Impossible to Catch. Why You Need an Identity Shift.,AI News & Strategy Daily | Nate B Jones,AI,video
Dario Amodei (Anthropic) Drops ATOMIC BOMBSHELL at Davos!,David Shapiro,General,video
Anthropic is quietly winning...,Matthew Berman,General,video
Antigravity AgentKit Supercharges Your AI 100x,WorldofAI,AI,video
Cathie Wood: Tesla Stock‚Äôs About to go Vertical,David Carbutt,Finance,video
Elon Musk vs OpenAI: The $100B Battle | Can VC Survive Public Pricing? | ClickHouse & Replit Rounds,20VC with Harry Stebbings,AI,video
The RL Irony in LLMs (and its insane new meta),bycloud,General,video
Dr. Michael Levin ‚Äî Reprogramming Bioelectricity,Tim Ferriss,Coding,video
FULL INTERVIEW: JPMorgan CEO Jamie Dimon on Trump, US Economy, AI, Job Market at WEF 2026 | AC1G,DRM News,AI,interview
Why One of OpenAI‚Äôs Top Researchers Walked Away - EP 53 Jerry Tworek,Core Memory Podcast,AI,video
Inside America‚Äôs AI Strategy: Infrastructure, Regulation, and Global Competition,All-In Podcast,AI,video
Claude "SOUL DOC" reveals something strange...,Wes Roth,AI,video
The 3-Step Method That Makes ChatGPT, Claude & Gemini Finally Match Your Standards,Dylan Davis,AI,video
The People Getting Promoted All Have This One Thing in Common (AI Is Supercharging this Mindset),AI News & Strategy Daily | Nate B Jones,AI,video
DeepSeek mHC Explained,Caleb Writes Code,AI,video
Peering into Claude's soul (I can't believe this is real...),Theo - t3‚Ä§gg,AI,video
AGI Timelines Shift Forward,The AI Daily Brief: Artificial Intelligence News,AI,video
Anthropic‚Äôs Amodei on AI: Power and Risk,Bloomberg Live,AI,video
Satya Nadella on AI‚Äôs Business Revolution: What Happens to SaaS, OpenAI, and Microsoft?,All-In Podcast,AI,video
STOP Using n8n ‚Äî Use Google's NEW Antigravity to Build Agentic Workflows Instead,Nick Puru | AI Automation,AI,video
Anthropic CEO Dario Amodei on AI race: Focused on making our models as smart and capable as possible,CNBC Television,AI,video
Inside The Boring Company's Vegas LOOP, First EVER In-Depth LOOK,Tesla Owners Silicon Valley,General,video
Inside America's Secret Weapon Against Chinese Manufacturing,Core Memory  and Andy Didorosi,AI,video
Gemini Whisk Designer Is INSANE! Build Beautiful Websites and Apps In Minutes FOR FREE!,WorldofAI,AI,video
Essentials: Tools to Boost Attention & Memory | Dr. Wendy Suzuki,Andrew Huberman,General,video
Why Every Brain Metaphor in History Has Been Wrong [SPECIAL EDITION],Machine Learning Street Talk,AI,video
Harvey CEO Winston Weinberg: How to Make Mega Deals | Lessons from Rabois, Halligan & Grady,20VC with Harry Stebbings,Business,video
Claude Code Clearly Explained (and how to use it),Greg Isenberg,AI,video
A brief history of programming...,Fireship,Coding,video
You Don't Understand Strategy,Hormozi Highlights,General,video
Watch: Anthropic CEO Dario Amodei From World Economic Forum | WSJ,The Wall Street Journal,Finance,video
The Neuroscience of ADHD and Emotional Dysregulation,Therapy in a Nutshell,General,video
260 | Claude Cowork Just Changed the Game: How You Can Automate Everything (Without Coding),Multiplai AI,AI,video
15 Supplements Reviewed by a PhD - 62 Studies Later,Physionic,General,video
The deep chemistry of life and death with Professor Nick Lane,The Science and Cocktails Foundation,AI,video
Reject Hustle Culture. Become a Renaissance Man,Unsolicited advice,AI,video
Japan‚Äôs Startup Revolution (feat. Kathy Matsui) | E2235,This Week in Startups,Business,video
If you have multiple interests, do not waste the next 2-3 years,Dan Koe,General,video
The Notion note-taking template you'll actually use (full build),Thomas Frank Explains,AI,video
Open AI Chief Outlines His AI Thesis in 9 Minutes,Joe Lonsdale,AI,video
Nvidia CEO Jensen Huang speaks at the World Economic Forum,Yahoo Finance,Finance,interview
Nvidia Is Backing a ‚ÄúMathematical Superintelligence‚Äù ‚Äî Here‚Äôs Why That Matters,Dylan Curious,Hardware,video
Gemini Cowork: AI Operating System That Automates Your Life! (Opensource),WorldofAI,AI,video
OpenAI just made a genius move,Matthew Berman,AI,video
AI coding has reached a tipping point,Dr Waku,AI,video
What If You Keep Slowing Down?,Veritasium,General,video
the day *after* AGI...,Wes Roth,General,video
‚ÄúIt took me 50+ years to realize what I‚Äôll tell you in 69 minutes‚Äù - Tony Robbins,Alex Hormozi and Tony Robbins,General,video
The Whole World Gets Claude-Pilled,The AI Daily Brief: Artificial Intelligence News,AI,video
The ONLY 7 Prompts You Need to Create Any AI Video,Tao Prompts,AI,video
The Skill That Separates AI Power Users From Everyone Else (Why "Clear" Specs Produce Broken Output),AI News & Strategy Daily | Nate B Jones,AI,video
The end of the GPU era,Theo - t3‚Ä§gg,Hardware,video
Data Centers (Don't) DESTROY The Environment!?,David Shapiro,General,video
FULL: Demis Hassabis, Dario Amodei Debate What Comes After AGI at World Economic Forum | AI1G,DWS News,AI,panel
How to Make ChatGPT Ads Not Suck,The AI Daily Brief: Artificial Intelligence News,AI,video
Hassabis on an AI Shift Bigger Than Industrial Age,Bloomberg Live,AI,video
The Craziest Experiment Humans Have Ever Built,Cleo Abram,General,video
The Exact Claude Setup That Writes My Documents Automatically,Dylan Davis,AI,video
AI is getting REALLY good at math. But how good, exactly?,David Shapiro,AI,video
Disposable Software: The Trend 90% of People are Getting Wrong--The Hidden Costs We Need to Consider,AI News & Strategy Daily | Nate B Jones,AI,video
The Singularity Countdown: AGI by 2029, Humans Merge with AI, Intelligence 1000x | Ray Kurzweil,Peter H. Diamandis,AI,video
How to Learn FASTER using ChatGPT (without damaging your brain),Justin Sung,AI,video
State of the AI Industry ‚Äî the OpenAI Podcast Ep. 12,OpenAI,AI,video
The Resilient Revolution | Episode #121,Mike Israetel,General,video
I think the Singularity could be BORING,David Shapiro,General,video
Context Engineering Explained: From Prompting to Production AI with Denis Rothman,agentbuildai,AI,video
They Ignored My Tool Stack and Built Something Better--The 4 Patterns That Work,AI News & Strategy Daily | Nate B Jones,AI,video
The AI Opportunity that goes beyond Models,a16z,AI,video
Anthropic Just Added These Features to Claude Code,Ray Amjad,AI,video
This Obsidian Setup Is Crazy - ft. LangChain Deep Agent CLI,Mark Chen,AI,video
Pioneering PAI: How Daniel Miessler's Personal AI Infrastructure Activates Human Agency & Creativity,Cognitive Revolution "How AI Changes Everything",AI,video
wtf is going on with ChatGPT?,Theo - t3‚Ä§gg,AI,video
How Palantir Assists ICE | Interesting Times with Ross Douthat,Interesting Times with Ross Douthat and 2 more,General,video
"Deskilling" Shock is Coming | Anthropic Economic Report,Wes Roth,Finance,video
PANSPERMIA:  The Radical Theory of Life's Origins,melodysheep,General,video
This Simple 60% Rule Stops Context Rot in ChatGPT, Claude & Gemini,Dylan Davis,AI,video
How To Grow ANY Business Once You Know Its Shape,Alex Hormozi,Business,video
Claude Cowork: a small taste of AGI,Theo - t3‚Ä§gg,AI,video
Microsoft's Plan to Make People Less Angry About AI and Electricity,The AI Daily Brief: Artificial Intelligence News,AI,video
MIT Researchers DESTROY the Context Window Limit,Matthew Berman,General,video
Do AI Models Need to Improve, or Tools?,Forward Future,AI,video
AI News: Claude Can Now Control Your Computer!,Matt Wolfe,AI,video
OpenAI's "Garlic" Model is About to Change EVERYTHING,Neil - Accelerate,AI,video
Iran's Breaking Point, Trump's Greenland Acquisition, and Solving Energy Costs,All-In Podcast,General,video
Claude Code's MCP Problem Just Got Fixed,Kenny Liao,AI,video
Google's AI Knows Everything About You (We Said Yes),AI For Humans,AI,video
The drama that helps everyone,David Shapiro,General,video
Anthropic Changed the Game in 10 DAYS,Wes Roth,General,video
We need to talk about Ralph,Theo - t3‚Ä§gg,General,video
Why I Stopped Using MCPs in Claude Code (And What I Use Instead),Kenny Liao,AI,video
Stop Using Claude Code Like This (Use Sub-Agents Instead),Leon van Zyl,AI,video
The Cracks in AI Are Widening (CoT, RAG),Discover AI,AI,video
How Ricursive Intelligence‚Äôs Founders are Using AI to Shape The Future of Chip Design,Sequoia Capital,AI,video
The Future of Warfare: How the US Department of War Thinks About AI,No Priors: AI, Machine Learning, Tech, & Startups,AI,video
I've Built 50+ Apps with AI. I Start Every Single One the Same Way.,Dylan Davis,AI,video
Every Brain Supplement That Actually Works Explained,Psych This,AI,video
WTF is happening at xAI | Sulaiman Ghori,Relentless,AI,video
Ralph.,Theo - t3‚Ä§gg,General,video
Palmer Luckey Will Change How You Think About War | #464 | The Way I Heard It,Mike Rowe,General,video
NVIDIA: TiDAR: Think in Diffusion, Talk in Autoregression,Emergent Behaviors,Hardware,video
Supercharging a New FDA: Marty Makary on Science, Power & Patients,All-In Podcast,General,video
You will own nothing and (not) be happy,David Shapiro,General,video
Ben & Marc: Why Everything Is About to Get 10x Bigger,a16z,General,video
THIS is Why You're Still Slow Even With AI (The Bottleneck Moved--Here's What to Do About It),AI News & Strategy Daily | Nate B Jones,AI,video
Vibe Coding is For Senior Developers,Theo - t3‚Ä§gg,Coding,video
Antigravity NEW Update is HUGE! Agent Skills, Subagents, AI Automation, and More!,WorldofAI,AI,video
ChatGPT 5.5 Rumors Start to Bubble,The AI Daily Brief: Artificial Intelligence News,AI,video
AI Subscription vs H100,Caleb Writes Code,AI,video
GROK 4.20 cracked the code,Wes Roth,Coding,video
Is Meta Overspending on AI?,The Information,AI,video
The Only CES Tech Worth Talking About,Matt Wolfe,General,video
The MIT Paper Everyone Building Agents Should Read Right Now,Brainqub3,AI,video
AGI is Here, Yet You're Doom Scrolling,Neil - Accelerate,General,video
AI Lab: Our AI created its own tool, and we think it can ‚Äòautomate all white collar work‚Äô,AI Explained,AI,video
I Tested Gemini's New 'Personal Intelligence' and It's Revealing,Jason Howell and AI Inside,AI,video
Stop Trying To Work Harder,HealthyGamerGG,General,video
The unhinged world of tech in 2026...,Fireship,General,video
This New Technology Could Kill TSMC and ASML,Anastasi In Tech,General,video
Why AI will dwarf every tech revolution before it: robots, manufacturing, AR glasses from CES 2026,All-In Podcast,AI,video
Paul Rosolie: Uncontacted Tribes in the Amazon Jungle | Lex Fridman Podcast #489,Lex Fridman,General,video
It‚Äôs time to change your database,Theo - t3‚Ä§gg,General,video
Ben Horowitz on Investing in AI: AI Bubbles, Economic Impact, and VC Acceleration,a16z,AI,video
We Watched a Brain Emerge..." The AI That Might Kill Transformers (w/ Pathway's Zuzanna Stamirowska),The Neuron,AI,video
Vibe Check: Claude Cowork Is Claude Code for the Rest of Us,Every,AI,video
Ep.# 190: ChatGPT Health, xAI‚Äôs $20B Round, & The Claude Code Tipping Point,The Artificial Intelligence Show Podcast,AI,video
The Truth About Recovery: What You‚Äôre Missing with Dr. Mike Israetel,Dr. Luba Khakham, PT, DPT,General,video
Anthropic just dropped Claude Cowork... (SO GOOD),Matthew Berman,AI,video
WTF Anthropic,The PrimeTime,General,video
OpenCode just killed all vibe coding apps (it‚Äôs insane),David Ondrej,Coding,video
Google + Boston Dynamics: Are We Actually About to Cross the AGI Line?,Dylan Curious,General,video
It's Time To Build,a16z,General,video
Why Claude Cowork is a Big Deal,The AI Daily Brief: Artificial Intelligence News,AI,video
Stop Using The Ralph Loop Plugin,Chase AI,AI,video
AI on campus,Anthropic,AI,video
Progressive Disclosure in Claude Code,Developers Digest,AI,video
Claude Cowork: Anthropic's AI Operating System That Automates Your Life!,WorldofAI,AI,video
Intelligent Query Routing using vLLM Semantic Router,NVIDIA Developer,Coding,video
Build an AI agent with Gemini CLI and Agent Development Kit,Google Cloud Tech,AI,video
AI just solved one of the hardest math problems... (INTELLIGENCE EXPLOSION),Matthew Berman,AI,video
New Business Model Wouldn't Exist Without AI,Neil - Accelerate,AI,video
The Aesthetic Revolution | Episode #120,Mike Israetel,General,video
Adam Carolla on California‚Äôs Collapse: Fires, Failed Leadership, and Gyno-Fascism,All-In Podcast,AI,video
Gemini Super Gems: Google's NEW AI Super Agent! Goodbye N8N! (FULLY FREE AI App Generator),WorldofAI,AI,video
The NEW Way to Create Realistic Talking AI Avatars,Tao Prompts,AI,video
Introducing Cowork: Claude Code for the rest of your work,Anthropic,AI,video
AI Wearables Round 2: Will Anyone Care This Time?,The AI Daily Brief: Artificial Intelligence News,AI,video
The Story of deel | Shuo Wang,Relentless,General,video
AMA Part 1: Is Claude Code AGI?  Are we in a bubble?  Plus Live Player Analysis,Cognitive Revolution "How AI Changes Everything",AI,video
The Sermon on the Mount | Lecture One (Official) | Peterson Academy,Jordan B Peterson and 2 more,General,video
You're falling behind. It's time to catch up.,Theo - t3‚Ä§gg,General,video
Deploy a RAG API to Kubernetes | Step by Step Guidance | Free Project,NextWork,General,video
This 100% private AI Agent can do anything‚Ä¶ just watch,David Ondrej and Agent Zero,AI,video
Marc Andreessen: The Truth About Immigration & DEI,Joe Lonsdale,General,video
How CoreWeave is near insolvency,Caleb Writes Code,Coding,video
DSPy: The End of Prompt Engineering - Kevin Madura, AlixPartners,AI Engineer,AI,video
The Remarkable Computers Built Not to Fail,Asianometry,AI,video
How Simple Cells Learned to Build Impossible Life,OMNI,General,video
Claude Code 2.1 NEW Update IS HUGE! Sub Agents /skills, Claude Canvas, LSPs, & MORE!,WorldofAI,AI,video
What Happens When AI Obliterates Your Business Model?,The AI Daily Brief: Artificial Intelligence News,AI,video
Palantir Crashes Out in Response to GN,GNCA - GamersNexus Consumer Advocacy,General,video
The 3-Layer Framework That Predicts Which Jobs AI Will (and Won't) Replace,AI News & Strategy Daily | Nate B Jones,AI,video
When LEGO Gets Smart, What Are We Teaching Kids?,Dylan Curious,General,video
Why most AI products fail: Lessons from 50+ AI deployments at OpenAI, Google & Amazon,Lenny's Podcast,AI,video
Mathematician Edward Frenkel on finding meaning in the AI age.,London Institute for Mathematical Sciences,AI,video
How Consciousness Emerged: From Single Cells to Complex Minds,OMNI,Philosophy,video
How I See AI Evolving in 2026 (as an AI Engineer),Dave Ebbelaar,AI,video
Pentagon Chief: 6 Weapons That Will Prevent WW3,Joe Lonsdale,General,video
How To Force Your Brain To Get Stuff Done (when you don‚Äôt feel like it),Justin Sung,AI,video
It Looks Flat. It‚Äôs Not. (The 2027 Prediction),Manolo Remiddi,General,video
"Ralph Wiggum" AI Agent will 10x Claude Code/Amp,Greg Isenberg,AI,video
"RED QUEEN" AI means "GAME OVER" for us....,Wes Roth,AI,video
How People Are Using AI for Health,The AI Daily Brief: Artificial Intelligence News,AI,video
Gemini 3 Deep Think Reviewed & More AI Use Cases,The AI Advantage,AI,video
Gemini 3 Flash: The "Budget" Model That's DESTROYING Premium AI (And It's Free),Julia McCoy,AI,video
Psychedelics, Quantum Mechanics and Hyper Reality | Christof Koch & Bernardo Kastrup,Essentia Foundation,General,video
Nvidia's Jensen Huang on an AI Bubble, Trump, and the Arms Race with China,TIME,AI,video
Your Best Employee's Knowledge Will Die With Them (ChatGPT, Claude & Gemini Can Save It),Dylan Davis,AI,video
Use Local LLMs Already!,The Art Of The Terminal,General,video
A New Approach To AI Models,YC Root Access,AI,video
Forward Future Live | 01.09.26 | Guests from Reflection AI, Microsoft, and Cerebras!,Matthew Berman,AI,video
Why "Pretty Good on First Pass" Is Costing You Thousands--How To Fix It TODAY,AI News & Strategy Daily | Nate B Jones,AI,video
Google just destroyed all vibe-coding apps (Antigravity),David Ondrej,General,video
Nvidia Dominates CES 2026: Tesla in Trouble, Rubin Secrets Revealed,Limitless Podcast,Hardware,video
What You Absolutely NEED to Know About AI in 2026,The AI Advantage,AI,video
The Biggest AI News Updates Were NOT at CES,Matt Wolfe,AI,video
OpenAI, Google, and Anthropic Agree on One Thing (Finally) - This Week's Biggest AI Stories,AI News & Strategy Daily | Nate B Jones,AI,video
Top 6 AI Trends That Will Define 2026 (backed by data),Jeff Su,AI,video
Anthropic Vs. OpenAI: How Safety Became The Advantage In AI,CNBC,AI,video
The Antidote to AI Brain Rot,David Shapiro,AI,video
Anthropic just burned so much trust...,Theo - t3‚Ä§gg,General,video
All-In's 2026 Predictions,All-In Podcast,General,video
Palantir x Databricks | Partnership Overview,Palantir,General,video
Gemini 3 Already Destroyed Courses (You're Next),AI Learning Communities,AI,video
Mortgage Rates And Falling Oil Prices | ITK With Cathie Wood,ARK Invest,General,video
Why 2026 Is the Year to Build a Second Brain (And Why You NEED One),AI News & Strategy Daily | Nate B Jones,AI,video
The 2026 Timeline: AGI Arrival, Safety Concerns, Robotaxi Fleets & Hyperscaler Timelines | 221,Peter H. Diamandis,General,video
Google Gemini New Computer Use AI Agent Is a Big Deal,The AI Thing,AI,video
Claude Code is about to break everything,Wes Roth,AI,video
Claude Opus 4.5 and the AGI Inflection Point,The Artificial Intelligence Show Podcast,AI,video
Nvidia CEO Jensen Huang: We've been thinking about robotics for a long time,CNBC Television,Business,video
LIVE: Nvidia's Jensen Huang speaks at CES in Las Vegas,Reuters,Hardware,interview
The Tailwind drama,Theo - t3‚Ä§gg,AI,video
AI at CES is Not Just Cheesy Gadgets Anymore,The AI Daily Brief: Artificial Intelligence News,AI,video
Howard Lutnick: How America Can Hit 6% GDP Growth in 2026,All-In Podcast,General,video
Dr Jamie Phillips shares how clear clinical governance enables health innovation,Notion,General,video
Gabe used UX Design to design his dream career | Google Career Certificates,Google Career Certificates,General,video
The IT training that helped build Stacey‚Äôs confidence and career | Google Career Certificates,Google Career Certificates,AI,video
The Transcript Method That Changed My 2026 Workflow (ChatGPT Turns Meetings Into Assets),Dylan Davis,AI,video
BigQuery Migration Service: SQL and data transfer,Google Cloud Tech,General,video
Architecting multi-agent systems,Google Cloud Tech,General,video
What are Google Cloud Client Libraries?,Google Cloud Tech,General,video
Building AI agents that speak to each other,Google Cloud Tech,AI,video
How to Build a Voice Agent with RAG and Safety Guardrails,NVIDIA Developer,AI,video
Coding Agents That Help Devs Ship Faster With CodeRabbit | Nemotron Labs,NVIDIA Developer,Coding,video
Major Shifts In The AI Landscape | The Brainstorm EP 115,ARK Invest,AI,video
Stablecoins, Regulation, Mining And 2026 Outlook,ARK Invest,General,video
Watch out for AI Phase Transitions (First Order Logic),Discover AI,AI,video
4 Tasks I NEVER Automate With ChatGPT As An AI Consultant,Dylan Davis,AI,video
AI News: NVIDIA Rubin, LTX-2 Open Source, ChatGPT Health, GPU Prices and More!,Matthew Berman,AI,video
AI in 2026: Reid Hoffman‚Äôs Predictions on Agents, Work, and Creation,Every,AI,video
Groq‚Äôs $20BN NVIDIA Deal | Why Sam Altman Doesn‚Äôt Care About Dilution & Invisible Unemployment 2026,20VC with Harry Stebbings,Hardware,video
Techno Capital Acceleration MUST Win,Neil - Accelerate,General,video
NVIDIA‚Äôs Jensen Huang on Reasoning Models, Robotics, and Refuting the ‚ÄúAI Bubble‚Äù Narrative,No Priors: AI, Machine Learning, Tech, & Startups,AI,video
Why Everyone Is Obsessed with Claude Code,The AI Daily Brief: Artificial Intelligence News,AI,video
Marc Andreessen's 2026 Outlook: AI Timelines, US vs. China, and The Price of AI,a16z,AI,video
OpenAI's new killer app,Wes Roth,AI,video
Simulated Biology is Here,David Shapiro,General,video
NVIDIA CEO Jensen Huang Leaves Everyone SPEECHLESS (CES Supercut),Ticker Symbol: YOU,Business,video
How to Reclaim Your Brain in 2026 - Dr Andrew Huberman (4K),Chris Williamson and Andrew Huberman,AI,video
Masters vs. Slaves | Nietzsche's Genealogy of Morality Explained,Johnathan Bi,AI,video
The 7 Hermetic Laws FINALLY Explained in a Way That Makes Sense - no bs,Library of Thoth,AI,video
the "GOD" company is coming...,Wes Roth and Dylan Curious,General,video
Free Will Exists (But Not In Your Body),Curt Jaimungal,AI,video
Every Google Gemini 3.0 Pro Feature You'll NEED in 2026,Parker Prompts,AI,video
AI Has a Memory Problem. But 3 Companies Can Solve It (And Profit),Limitless Podcast,AI,video
Forced to Rethink What‚Äôs Real,Dylan Curious,General,video
n8n Tutorial for 2026: How To Build AI Agents for FREE (step by step),David Ondrej,AI,video
What Are the Best AI Certificates?,Marina Wyss - AI & Machine Learning,AI,video
Elon Musk on AGI Timeline, US vs China, Job Markets, Clean Energy & Humanoid Robots | 220,Peter H. Diamandis,General,video
I‚Äôm addicted to Claude Code (i get it now),Theo - t3‚Ä§gg,AI,video
*Singularity Tingles Intensify*,David Shapiro,General,video
Agent Skills - Yet Another Tool Standard?,Adam Lucek,General,video
Welcome to AIE CODE - Jed Borovik, Google DeepMind,AI Engineer,AI,video
Claude Agent SDK [Full Workshop] ‚Äî Thariq Shihipar, Anthropic,AI Engineer,AI,video
BUDDHA vs New Year RESOLUTIONS | Why Your 2026 Goals Are Already Dead,Buddha's Wisdom,General,video
The Engineering State vs The Lawyerly State with Dan Wang,Network State Podcast,General,video
Self-Improving Skills in Claude Code,Developers Digest,AI,video
Most People Want Validation, Not Perspective (Why This Matters Now),AI News & Strategy Daily | Nate B Jones,AI,video
AI Will End Human Jobs: Emad Mostaque on the Future of Human Work,Info-Tech Research Group,AI,video
2026: YOU'RE NOT THINKING BIG ENOUGH,Neil - Accelerate,General,video
FULL CES 2026 EVENT: NVIDIA CEO Reveals Physical AI and Autonomous Robots Changing Industries | AI14,DWS News,AI,video
BNY builds ‚ÄúAI for everyone, everywhere‚Äù with OpenAI,OpenAI,AI,video
Context Graphs: AI's Next Big Idea,The AI Daily Brief: Artificial Intelligence News,AI,video
What Happens If AI Takes All The Jobs? | Episode #119,Mike Israetel,AI,video
I can't believe he was right.,Theo - t3‚Ä§gg,General,video
It Wasn't food! Human Farming Began For a Super Bizarre Reason: BEER!,Anton Petrov,General,video
Lee Cronin "Sam Altman Is Delusional, Hinton Needs Therapy, P(Doom) Is Nonsense",Wes Roth and Dylan Curious,General,video
David Pearce | How to End All Suffering,Foresight Institute,General,video
So You're Having an Existential Crisis. What Now? - Sisyphus55,Alex O'Connor,General,video
I Stopped Using PowerPoint Once I Learned This Claude Method,Dylan Davis,AI,video
DeepSeek built a New Topological Transformer (mHC),Discover AI,AI,video
AI Just Got Infinite Memory Google DeepMind Breakthrough & OpenAI Device,LogicLayers,AI,video
mHC Explained: How DeepSeek Rewires LLMs for 2026,AI Papers Academy,AI,video
Forget LLM: MIT's New RLM (Phase Shift in AI),Discover AI,AI,video
Why Andrej Karpathy Feels "Behind" (And What It Means for Your Career),AI News & Strategy Daily | Nate B Jones,AI,video
What Manus and Groq Acquisitions Tell Us About AI Competition,The AI Daily Brief: Artificial Intelligence News,AI,video
Where AI is going in 2026,David Shapiro,AI,video
The Fork Most Leaders Don‚Äôt See: Visibility vs. Execution,AI News & Strategy Daily | Nate B Jones,AI,video
Anthropic's Daniela Amodei on spending less than competitors, keeping AI safe and a possible IPO,CNBC Television,AI,video
The Real Reason Your ChatGPT/Gemini Results Are Inconsistent,Dylan Davis,AI,video
Claude Code is Now Writing Claude Code,The AI Daily Brief: Artificial Intelligence News,AI,video
Make 3D models from ANYTHING (Free and Open Source),Matthew Berman,General,video
Don't invent faster horses - Prof. Jeff Clune,Machine Learning Street Talk,General,video
2025: The year I stopped writing code,Theo - t3‚Ä§gg,Coding,video
AI Investor Panel: Where Smart Money Is Actually Going in AI | EP 219,Peter H. Diamandis,AI,panel
AI Isn‚Äôt Just Getting Smarter‚ÄîIt‚Äôs Getting Coherent,Dylan Curious,AI,video
Google's "Infinite Learning" and OpenAI's leaked "AI Pen",Wes Roth,AI,video
The ‚ÄúDigital Segregation‚Äù Between Men and Women | Interesting Times with Ross Douthat,Interesting Times with Ross Douthat,General,video
The AI Failure Mode Nobody Warned You About (And how to prevent it from happening),AI News & Strategy Daily | Nate B Jones,AI,video
Initiates of the Flame (1922) by Manly P. Hall,Master Key Society,General,video
These Jobs Will Skyrocket in the AI Economy,Joe Lonsdale,AI,video
Matt Fitzpatrick: Who Wins the Data Labelling Race & Why Al Needs Forward-Deployed Engineers,20VC with Harry Stebbings,General,video
AI year in review: Trends shaping 2026,IBM Technology,AI,video
Predicting the Future of AI: 2026 Is Going To Be Wild.,Limitless Podcast,AI,video
I Wish I Started Using "Projects" Sooner (ChatGPT, Gemini, Claude),Dylan Davis,AI,video
Best Of 2025,ARK Invest,General,video
Limits of LLMs,Caleb Writes Code,Coding,video
The Compounding Gap That Makes 2026 the Last Chance to Catch Up,AI News & Strategy Daily | Nate B Jones,AI,video
[State of Context Engineering] Agentic RAG, Context Rot, MCP, Subagents ‚Äî Nina Lopatina, Contextual,Latent Space,General,video
AI New Year's: The 10 Week AI Resolution,The AI Daily Brief: Artificial Intelligence News,AI,video
[State of RL/Reasoning] IMO/IOI Gold, OpenAI o3/GPT-5, and Cursor Composer ‚Äî Ashvin Nair, Cursor,Latent Space,AI,video
The Polymathic Poet Who Taught Himself "Impossible" Skills,Anthony Metivier,General,video
The Psychology of a GENIUS | Schopenhauer,PhiloNautica,General,video
Four Predictions for How AI Will Change Software in 2026,Every,AI,video
Legendary Investor Outlines His AI Thesis in 14 Minutes ‚Äî Bill Gurley,Tim Ferriss,AI,video
The crucial emotional skill most adults were never taught | Becky Kennedy,Big Think Clips and Big Think,General,video
How to crush 2026 in the AI field,David Ondrej,AI,video
How to Run Claude Code For Hours Autonomously,Developers Digest,AI,video
What is the Emerald Tablet of Hermes Trismegistus - Origins of Alchemy and Hermetic Philosophy,ESOTERICA,Philosophy,video
How A.I Changes In 2026 - Major Predictions,TheAIGRID,AI,video
Terry Tao: "LLMs Are Simpler Than You Think ‚Äì The Real Mystery Is Why They Work!",Dr Brian Keating,General,video
Deep Implications of the Intelligence Explosion | Episode #118,Mike Israetel,General,video
How to Change Your Life in 2026 with Reverse Goal Setting,Justin Sung and iCanStudy,General,video
Infinity, Paradoxes, G√∂del Incompleteness & the Mathematical Multiverse | Lex Fridman Podcast #488,Lex Fridman,General,video
The $500K Mistake: 8 Engineers Doing Implementation, 0 Doing Governance,AI News & Strategy Daily | Nate B Jones,AI,video
Dr Waku Christmas Special 2025,Dr Waku,General,video
What's going on with Claude Code?,Matthew Berman,AI,video
Meta just did the thing,Wes Roth,General,video
AI in 2026: 3 Predictions For What‚Äôs To Come (a16z Big Ideas),a16z,AI,video
AutoGrad Changed Everything (Not Transformers) [Dr. Jeff Beck],Machine Learning Street Talk,General,video
[State of AI Startups] Memory/Learning, RL Envs & DBT-Fivetran ‚Äî Sarah Catanzaro, Amplify,Latent Space,AI,video
The AI Comparison Framework No One Taught You (ChatGPT, Claude, Gemini, Grok),Dylan Davis,AI,video
Dan Koe: How To Get Ahead Of 99% Of People in 2026,Open Residency and Dan Koe,General,video
Mysticism in Ancient Greece,Let's Talk Religion,General,video
The Skill Gap That Will Separate AI Winners from Everyone Else,AI News & Strategy Daily | Nate B Jones,AI,video
We‚Äôre Normalizing Things We Don‚Äôt Fully Understand,Dylan Curious,General,video
50 AI Predictions for 2026 - Part 1,The AI Daily Brief: Artificial Intelligence News,AI,video
Your Brain Doesn't Command Your Body. It Predicts It. [Max Bennett],Machine Learning Street Talk,AI,video
Adam Marblestone ‚Äì AI is missing something fundamental about the brain,Dwarkesh Patel,AI,video
Cybersecurity Trends in 2026: Shadow AI, Quantum & Deepfakes,IBM Technology,AI,video
ARK Robotics Research | 2025 Year-End Review,ARK Invest,General,video
AI Safety Expert: Humanity‚Äôs Last Invention‚Äî 99.99% Chance of Extinction | Dr. Roman Yampolskiy,Jack Neel and Roman Yampolskiy,AI,video
How to Stop Wasting Your Life - Connor Beaton,Chris Williamson and ManTalks,General,video
GPT-5.2 Codex is Insane (Here is My Workflow),Neil - Accelerate,AI,video
Anthropic's New Benchmark Changes Everything‚ÄîMost People Will Miss Why,AI News & Strategy Daily | Nate B Jones,AI,video
Ranking the Best and Worst AI Companies This Year (2025 AI Awards),Limitless Podcast,AI,video
Jack Morris: Stuffing Context is not Memory, Updating Weights is,AI Engineer,AI,video
NEW: Why AI In-Context Learning Works (Explained),Discover AI,AI,video
AI Boom or Bust? AI Boomers and Doomers Reveal Their Predictions for Our Future,Info-Tech Research Group,AI,video
Why 2026 is the Year of the AI Builder with Lovable CEO Anton Osika,The AI Daily Brief: Artificial Intelligence News,AI,video
the creator of Claude Code just revealed the truth,Wes Roth,AI,video
OpenAI: Trapped in 2nd place,Theo - t3‚Ä§gg,AI,video
Where does consumer AI stand at the end of 2025?,a16z,AI,video
One Year of MCP ‚Äî¬†with David Soria Parria and AAIF leads from OpenAI, Goose, Linux Foundation,Latent Space,AI,video
Looking Back on 2025,Asianometry,General,video
The Most Important AI Lesson for Businesses From 2025,The AI Daily Brief: Artificial Intelligence News,AI,video
How Claude Code Works - Jared Zoneraich, PromptLayer,AI Engineer,AI,video
Steve Yegge's Vibe Coding Manifesto: Why Claude Code Isn't It & What Comes After the IDE,Latent Space,AI,video
The Philosophy of Witchcraft,ESOTERICA,Philosophy,video
Van Fraassen's Radical Claim About What You Are,Curt Jaimungal,AI,video
The Physicist Who Puts Penrose‚Äôs Quantum Ideas To The Test | Ivette Fuentes,Essentia Foundation,General,video
The Future of AI & NVIDIA‚Äôs New Supercomputers - Jensen Huang,SciTech Economy Insights,AI,video
My 2026 AI Predictions (We're Accelerating),Neil - Accelerate,AI,video
I think I'm addicted to Opus 4.5...,Theo - t3‚Ä§gg,General,video
this new benchmark is next-level insane,Wes Roth and Dylan Curious,General,video
How OpenAI Shapes Its Research And What's Next - EP 46 Mark Chen,Core Memory Podcast,AI,video
Boris Cherny (Creator of Claude Code) On What Grew His Career And Building at Anthropic,Ryan Peterman,AI,video
No AI Has Impressed Me,New Scientist,AI,video
The "Final Boss" of Deep Learning,Machine Learning Street Talk,General,video
PhD Bodybuilder Predicts The Future of AI (97% Certain) [Dr. Mike Israetel],Machine Learning Street Talk,AI,video
Breaking: NVIDIA just bought Groq for $20 Billion!,Matthew Berman,Hardware,video
AI Trends 2026: Quantum, Agentic AI & Smarter Automation,IBM Technology,AI,video
How a 15th-Century Cardinal Changed Philosophy Forever,Let's Talk Religion,Philosophy,video
I Tracked Every AI Win & Failure in 2025. Here's What Actually Worked (9 Surprises),AI News & Strategy Daily | Nate B Jones,AI,video
Rick Prelinger | Lost Landscapes 02025: YEAR 20!,The Long Now Foundation,General,video
Claude in Chrome: How To Teach AI To Do ALL Your Work ü§Ø,Eliot Prince,AI,video
How Japan is Preparing for War With China,RealLifeLore,General,video
Avi Loeb reveals the truth about 3I/ATLAS,Wes Roth and Dylan Curious,General,video
If This Can Happen to an Ex-DeepMind Leader, It Can Happen to You,AI News & Strategy Daily | Nate B Jones,AI,video
The AGI Debate That's Currently Dividing Google And Meta,TheAIGRID,AI,panel
David Friedberg on the Fractal Frontier,Network State Podcast,General,video
So close to Opus at 1/10th the price (GLM-4.7 and Minimax M2.1 showdown),Theo - t3‚Ä§gg,General,video
‚ÄòA Hard Time We Had of It‚Äô | Interesting Times with Ross Douthat,Interesting Times with Ross Douthat and 2 more,General,video
The 10 Biggest AI Stories of 2025,The AI Daily Brief: Artificial Intelligence News,AI,video
Why Flash Models, Not Frontier Models, Will Win in 2026,AI News & Strategy Daily | Nate B Jones,AI,video
99% Of Claude Users STILL Don't Know These 7 Official Prompting Rules,Dylan Davis,AI,video
How to Make 2026 The Best Year of Your AI Entrepreneur Journey,Cyril Imhof,AI,video
This Will Power Everything,Anastasi In Tech,General,video
MiniMax M2.1, Why it matters,Caleb Writes Code,Coding,video
You See Better Than AI: Vision Secrets Only Biology Knows,AI Neuro Insight,AI,video
We have a new #1 open source AI,AI Search,AI,video
How To Learn Faster Than 99% of People At Work,Justin Sung,General,video
How AI Starts Doing the Work in 2026 with Anthropic CPO Mike Krieger,The AI Daily Brief: Artificial Intelligence News,AI,video
What are we scaling?,Dwarkesh Patel,General,video
AI isn't a bubble,David Shapiro,AI,video
Reflecting on AI in 2025,Theo - t3‚Ä§gg,AI,video
No Priors Ep. 144 | The 2026 AI Forecast with Sarah & Elad,No Priors: AI, Machine Learning, Tech, & Startups,AI,video
The Invisible Forces Shaping Your Life,The Rest Is Science,General,video
Interview: Discovering Dark Energy and the Hubble Tension with Nobel Prize Winner Adam Riess,NOVA PBS Official,General,interview
Insane 3D models, realtime AI video, new #1 open model, realtime AI worlds, Gemini 3 Flash: AI NEWS,AI Search,AI,video
5 engineering anti-patterns that limit your career,Google for Developers,Coding,video
The Easy Way To Be Seen As A High-Performer,A Life Engineered,General,video
But what is a Laplace Transform?,Unknown,General,video
Why are Transformers replacing CNNs?,Julia Turc,General,video
Cursor just started their war on GitHub,Theo - t3‚Ä§gg,General,video
Why AI Intelligence is Nothing Without Visual Memory | Shawn Shen on the Future of Embodied AI,Turing Post,AI,video
Bizarre Plant Doesn't Photosynthesize and Pretends to Be a Mushroom,Anton Petrov,General,video
Ford is done. It's over. I tried telling you. And yet...,Farzad,General,video
We Went To Intel‚Äôs Arizona Chip Fab To See If It Can Regain Its Edge,CNBC,AI,video
Amazon will Aquire a Large AI Lab |  The Information's 2026 Predictions,The Information,AI,video
The Most Important AI Stories This Week,The AI Daily Brief: Artificial Intelligence News,AI,video
Federico Faggin: Merging Science & Spirituality, Quantum Physics, Meaning, & Free Will,The Weekend University,General,video
How to Process Documents at Scale with LLMs,Hamel Husain,AI,video
MtL Lecture Series Christmas Special: Guest Speaker Michael Levin (10 December 2025),Max Planck School Matter to Life and Michael Levin's Academic Content,General,video
AI Vibe Check: The Actual Bottleneck In Research, SSI‚Äôs Mystique, & Spicy 2026 Predictions,Unsupervised Learning: Redpoint's AI Podcast,AI,video
The Device That Maps The Heavens,The Rest Is Science,General,video
How to Be So Productive That It Makes You Dangerous,Justin Sung and iCanStudy,General,video
Did China Just Drop The Ball On Global Dominance?,Economics Explained,AI,video
Why people mistake feelings for moral insight | Alex O'Connor,Big Think Clips and 2 more,General,video
Will It Ever Be Cool to Be Conservative?,Interesting Times with Ross Douthat and 2 more,General,video
Why The 2030s Will Be The New Renaissance,Medieval Mindset,AI,video
4 Reasons to Use ImageGen 1.5 Over Nano Banana Pro,The AI Daily Brief: Artificial Intelligence News,AI,video
23 Lessons from 2025,Chris Williamson,General,video
Steering LLM Behavior Without Fine-Tuning,HuggingFace,General,video
Ruliad + observer = physics ... also aliens,The Last Theory,General,video
The new AI growth playbook for 2026 | How Lovable hit $200M ARR in one year,Lenny's Podcast,AI,video
AI is Outsmarting Us,Dylan Curious,AI,video
2025's Biggest Breakthroughs in Mathematics,Quanta Magazine,General,video
Forward Future Live | 12.19.25 | Guests from Google, Deepmind, SemiAnalysis, and Robinhood,Matthew Berman,AI,video
Introduction to Physical AI & Robotics at NVIDIA,NVIDIA Developer,AI,video
Amazon Fired Their AI Chief. Here's Why It Took So Long (Plus 5 Newsworthy Moments in AI This Week),AI News & Strategy Daily | Nate B Jones,AI,video
If I Started Learning AI Today for 2026, Here‚Äôs the Exact Skill Stack I‚Äôd Build,Dylan Davis,AI,video
This unique AI business model will make millionaires in 2026,David Ondrej,AI,video
AI News: 28 Headlines No One Expected,Matt Wolfe,AI,video
The most complex model we actually understand,Welch Labs,General,video
How AI is Killing Your Potential,HealthyGamerGG,AI,video
Leadership in AI Assisted Engineering ‚Äì Justin Reock, DX (acq. Atlassian),AI Engineer,AI,video
The Big Lie About Smarter AI Models,Matthew Berman,AI,video
I think Firefox hates their users,Theo - t3‚Ä§gg,General,video
Stop Asking ChatGPT-5.2 Questions (Do This Instead),Dylan Davis,AI,video
Codex 5.2 Launch Revealed: How OpenAI Got Non-Engineers Shipping Real Code,AI News & Strategy Daily | Nate B Jones,AI,video
The 4 AI Agents Non-Technical People Actually Need (And How to Use Them Today),AI News & Strategy Daily | Nate B Jones,AI,video
Ternary Computing: Theoretically Better than Binary,Asianometry,General,video
Gemini 3 Flash: Creative UI in a spark,Google DeepMind,AI,video
Professor Answers Coding Questions | Tech Support | WIRED,WIRED,General,video
2025's Biggest Breakthroughs in Physics,Quanta Magazine,General,video
Introducing FunctionGemma,Google for Developers,Coding,video
82% of Companies Are Seeing Positive AI ROI,The AI Daily Brief: Artificial Intelligence News,AI,video
Why Did Consciousness Evolve? Exciting Research on Bird Brains,Anton Petrov,AI,video
OpenAI‚Äôs new ChatGPT Images is here! But‚Ä¶Will it top Nano Banana Pro?,AI For Humans,AI,video
Gemini Flash 3 is my new favorite model (yes really),Theo - t3‚Ä§gg,AI,video
Indy Johar |  Civilizational Optioneering,The Long Now Foundation,General,video
Four reasons OpenAI is doomed,David Shapiro,AI,video
AI earns while you sleep,Wes Roth,AI,video
Will this Update from OpenAI Make AI Agents Work Better?,The AI Daily Brief: Artificial Intelligence News,AI,video
AI Kernel Generation: What's working, what's not, what's next ‚Äì Natalie Serrino, Gimlet Labs,AI Engineer,AI,video
Did ChatGPT Just Kill Nano Banana?,Matt Wolfe,AI,video
OpenAI is "Is Hiding the Truth",Wes Roth,AI,video
The AI Race Gets a Massive Power Shift,The AI Daily Brief: Artificial Intelligence News,AI,video
Real World AI Evaluations,The AI Daily Brief: Artificial Intelligence News,AI,video
Big ideas begin here: Sergey Brin at Stanford,Stanford University School of Engineering,General,video
What We Learned Deploying AI within Bloomberg‚Äôs Engineering Organization ‚Äì Lei Zhang, Bloomberg,AI Engineer,AI,video
GPT-5.2 is a total monster,AI Search,AI,video
The Gemini Interactions API,Sam Witteveen,AI,video
The Renaissance of the American Factory | a16z 2026 Big Ideas,a16z,AI,video
Building AGI from the Fjords of Norway,David Ondrej,General,video
What I Tell Every CTO Before They Touch Claude Code or the Anthropic API,AI News & Strategy Daily | Nate B Jones,AI,video
Learn To Learn in 109 minutes,Justin Sung and iCanStudy,General,video
The Most Powerful AI Shift Is Happening Without Anyone Noticing,Dylan Curious,AI,video
A Deepdive on my Personal AI Infrastructure (PAI v2.0, December 2025),Unsupervised Learning,AI,video
The future of intelligence | Demis Hassabis (Co-founder and CEO of DeepMind),Google DeepMind and Hannah Fry,AI,video
What happens when AGI nukes jobs?,David Shapiro,General,video
Mustafa Suleyman: The AGI Race Is Fake, Building Safe Superintelligence & the Agentic Economy | #216,Peter H. Diamandis,General,video
GPT-5.2, Why it matters,Caleb Writes Code,AI,video
This Isn‚Äôt Anxiety, It‚Äôs ADHD,HealthyGamerGG,General,video
Trump's One Rule AI Order,The AI Daily Brief: Artificial Intelligence News,AI,video
GPT 5.2 is the first AI model I‚Äôd actually give my work to,David Ondrej,AI,video
The Mathematical Foundations of Intelligence [Professor Yi Ma],Machine Learning Street Talk,General,video
Do LLMs Understand? AI Pioneer Yann LeCun Spars with DeepMind‚Äôs Adam Brown.,Pioneer Works,AI,video
Inside America‚Äôs Race To Build The Next Generation Of AI Chips,CNBC,AI,video
Why AI Advantage Compounds,The AI Daily Brief: Artificial Intelligence News,AI,video
Proactive Agents ‚Äì Kath Korevec, Google Labs,AI Engineer,AI,video
Forward Future Live | 12/12/2025,Matthew Berman,General,video
Trump Just Gutted State Al Laws, OpenAl Panicked, Al Agents Stole $4.6M--Your 10-Minute Breakdown,AI News & Strategy Daily | Nate B Jones,AI,video
AI Vibe Coding vs  Structure Which is Better,Dylan Davis,AI,video
AI Just Solved Landing Pages  Here's the Exact System I Use,Dylan Davis,AI,video
Google DeepMind: "The arrival of AGI",Wes Roth,AI,video
Claude Code's latest update is really cool (when it works...),Theo - t3‚Ä§gg,AI,video
GPT 5.2 Release, Corporate Collapse in 2026, and 1.1M Job Loss | EP #215,Peter H. Diamandis,AI,video
Customized Care When You Need it Most | Tampa General Hospital at Paragon 2025,Palantir,General,video
IRiS Alloy Discussion #22: "Is AI Reshaping Our Sense of Trust",Institute for Research in Sensing (IRiS),AI,panel
GPT-5.2 Finally Arrived, But The Disney Deal is Bigger,AI For Humans,AI,video
The Bitcoin Standard and the Network State,Network State Podcast,General,video
Stanford AI Club: Jeff Dean on Important AI Trends,Stanford AI Club,AI,video
Why we built‚Äîand donated‚Äîthe Model Context Protocol (MCP),Anthropic,General,video
NEW GPT 5.2: A Total Bloodbath,Discover AI,AI,video
3 Ways Mathematics Alters Your Brain,DIBEOS,AI,video
Francis Lucille: A Masterclass In Non-Duality,Essentia Foundation,General,video
AI NEWS: GPT-5.2 Is HERE! (Plus Runway 4.5 and the Next Image AI Leaks),Matt Wolfe,AI,video
Deciphering Secrets of Ancient Civilizations, Noah's Ark, and Flood Myths | Lex Fridman Podcast #487,Lex Fridman,General,video
AI Revise Existing Codebases & Add Features Faster,Dylan Davis,AI,video
AI Eats the World: Benedict Evans on the Next Platform Shift,a16z,AI,video
AI News: Deepseek Controversy, GPT-5.2, OpenAI x Disney, Meta Closed-Source and more!,Matthew Berman,AI,video
Anthropic releases method to 10√ó Claude Code / Opus 4.5,Greg Isenberg,AI,video
What You Need to Know Before AI Gets Too Smart,Dylan Curious,AI,video
GPT 5.2 is the first HUMAN LABOR replacement,Wes Roth,AI,video
Tensor Logic "Unifies" AI Paradigms [Pedro Domingos],Machine Learning Street Talk,AI,video
Kate Crawford | Mapping Empires,The Long Now Foundation,General,video
Bret Weinstein: Humanity Just Entered an Evolutionary Trap‚Äîand AI Might Finish the Job,Dr Brian Keating,AI,video
Anthropic gave MCP to the Linux Foundation,Theo - t3‚Ä§gg,General,video
The arrival of AGI | Shane Legg (co-founder of DeepMind),Google DeepMind and Hannah Fry,AI,video
Space Data Center Explained,Caleb Writes Code,AI,video
The Brutal Truth About Female Attraction - Macken Murphy,Chris Williamson,General,video
GPT-5.2 is Here,The AI Daily Brief: Artificial Intelligence News,AI,video
OpenAI just dropped GPT-5.2... (WOAH),Matthew Berman,AI,video
I Fixed AI Document Formatting With One Claude Feature,Dylan Davis,AI,video
The State of Enterprise AI The State of Enterprise AI,The AI Daily Brief: Artificial Intelligence News,AI,video
Anthropic Donates MCP to New Agentic AI Foundation,The AI Daily Brief: Artificial Intelligence News,AI,video
Meta's SAM 3: AI Vision just got a HUGE UPGRADE (FREE),Matthew Berman,AI,video
Software Sucks Now,Theo - t3‚Ä§gg,General,video
The Unicorn Founder Who Delegated Everything.,a16z,Business,video
Al Agents That Actually Work: The Pattern Anthropic Just Revealed,AI News & Strategy Daily | Nate B Jones,AI,video
What People Are Actually Using AI for Right Now,The AI Daily Brief: Artificial Intelligence News,AI,video
10 AI Projects to Learn Gemini 3, Nano Banana and Opus 4.5,The AI Daily Brief: Artificial Intelligence News,AI,video
Junie The Anti-Vibe Coding IDE,Sam Witteveen,General,video
NeurIPS 2025 in 12 Minutes: The 6 Shifts Most People Will Miss Until It's Too Late,AI News & Strategy Daily | Nate B Jones,AI,video
Google DeepMind robotics lab tour with Hannah Fry,Google DeepMind,AI,video
A2A and MCP explained: with ADK,Google for Developers,AI,video
3 skills every early-career engineer needs,Google for Developers,Coding,video
The AI Prompting Habit That Saves Me 10+ Hours a Week,Dylan Davis,AI,video
AI News: GPT-5.2, Devstral 2, Boom Superpower, MCP Nonprofit and more!,Matthew Berman,AI,video
How reading changes the way your brain works - BBC World Service,BBC World Service,AI,video
Pentagon "Four Months to Prepare for AGI",Wes Roth,General,video
OpenAI's Head of Product: How the Best Teams Build, Ship and Scale AI Products,Unsupervised Learning: Redpoint's AI Podcast,AI,video
The 5 Biggest AI Stories To Watch In December,The AI Daily Brief: Artificial Intelligence News,AI,video
China's Rise, GPT-5.2, Anthropic IPO & the Battle for AI Trust w/ Emad, Salim, Dave & AWG | EP #214,Peter H. Diamandis,AI,video
Don't Build Agents, Build Skills Instead ‚Äì Barry Zhang & Mahesh Murag, Anthropic,AI Engineer,AI,video
Trees Are So Weird,Kurzgesagt ‚Äì In a Nutshell,General,video
The First Signs of ASI Economics Are Showing Up‚Ä¶ In the Weirdest Places,Dylan Curious,Finance,video
Is GPT-5.2 "Garlic" Coming This Week?,The AI Daily Brief: Artificial Intelligence News,AI,video
Are We Alone in the Universe? - Hank Green,Alex O'Connor,General,video
"Code Red" Over, OpenAI is about to blow...,Wes Roth,AI,video
I Stopped Blaming Myself for Bad Days After Learning This Math,AI News & Strategy Daily | Nate B Jones,AI,video
Grand Unified Theory of AI (Explained w/ Google ADK),Discover AI,AI,video
How Anthropic uses Claude in Legal,Anthropic,AI,video
The Chip That Could Unlock AGI.,a16z,General,video
What 1250 Professionals Said About Working With AI,The AI Daily Brief: Artificial Intelligence News,AI,video
Want To ‚ÄòInvest' In OpenAI or SpaceX? What To Know About Tokenization,CNBC,AI,video
If I Started A Business in 2026, I'd Do This,Alex Hormozi,Business,video
Katelyn Lesse ‚Äì Evolving Claude APIs for Agents, Anthropic,AI Engineer,AI,video
Charisma isn't learned (Dr. K, Charisma on Command & Joe),Joe Hudson | Art of Accomplishment and HealthyGamerGG,General,video
Microsoft Changing AI Targets?,The AI Daily Brief: Artificial Intelligence News,AI,video
China is winning the AI race,Theo - t3‚Ä§gg,AI,video
Did We Just Get the Nano Banana of Video?,Matt Wolfe,General,video
AI, Tax Cuts & A New Bull Market?| ITK With Cathie Wood,ARK Invest,AI,video
Dwarkesh Patel is WRONG about AGI!,David Shapiro,General,video
Alex Karp Opening Remarks | Paragon 2025,Palantir,General,video
IT'S OVER! I Can't Stay Quiet on GOOGLE vs NVIDIA Any Longer,Ticker Symbol: YOU,Hardware,video
Anthropic just bought your favorite JS runtime...,Fireship,General,video
Elon Reveals GROK 4.20... and it's getting scary good,Wes Roth,General,video
What's New with ChatGPT Voice,OpenAI,AI,video
OpenAI's Code Red, Sacks vs New York Times, New Poverty Line?,All-In Podcast,AI,video
Can Today's AI Replace 12% of Work?,The AI Daily Brief: Artificial Intelligence News,AI,video
NVIDIA‚Äôs Jensen Huang on Securing American Leadership on AI,Center for Strategic & International Studies,AI,video
A Quiet Chinese Mobile Giant in Africa,Asianometry,General,video
The New World Order Is Here - Peter Zeihan,Chris Williamson and Zeihan on Geopolitics,Politics,video
Google DeepMind‚Äôs Demis Hassabis with Axios‚Äô Mike Allen,Axios,AI,video
ARC Prize 2025 Paper Award 1st Place TRM,ARC Prize,General,video
AI Universal Income,Caleb Writes Code,AI,video
You Are Being Told Contradictory Things About AI,AI Explained,AI,video
Paragon 2025,Palantir,General,video
BREAKING: Grok 4.20 might be *too* good...,Wes Roth,General,video
OpenAI's Code Red: Can New AI Models Hold Off Google Gemini?,AI For Humans,AI,video
How I code with AI right now,Theo - t3‚Ä§gg,AI,video
New AGI Timeline, AI Could Automate 57% of US Jobs, and Claude Consciousness w/ Naveen, Salim & AWG,Peter H. Diamandis,AI,video
China, Robotics, & Open-Source AI | Clem Delangue,Relentless,AI,video
Ex-Google Insider WARNS: "You Are Not Prepared For 2027",The Diary Of A CEO Clips,Business,video
Marc Andreessen Predicts AI‚Äôs Critical Turning Point,Joe Lonsdale,AI,video
The Mind-Body Problem - Thomas Nagel - C&R 04/30/2025,Inst of Mind, Intelligence & Consciousness Studies,Philosophy,video
Create Anything with Nano Banana Pro, Here‚Äôs How,David Ondrej,General,video
The agent evaluation revolution,Google Cloud Tech,General,video
Why Some People Have DIVINE Aura,HealthyGamerGG,General,video
OpenAI is in "CODE RED" (Did Gemini win that hard??),Theo - t3‚Ä§gg,AI,video
Anthropic SELLS OUT to Wall Street!,David Shapiro,General,video
OpenAI Preps New "Garlic" Model,The AI Daily Brief: Artificial Intelligence News,AI,video
Anthropic's First PM: Opus 4.5, Rethinking Model Scaffolding & Safety as a Competitive Advantage,Unsupervised Learning: Redpoint's AI Podcast,AI,video
How to 'See' the 4th Dimension with Topology,Quanta Magazine,General,video
Emergent Complexity,Emergent Garden,General,video
Denis Noble: "Neo-Darwinism Is Dead" | We Need A Biology Beyond Genes,Essentia Foundation,General,video
Neuralink Overview, Fall 2025,Neuralink,General,video
this experiment could END the AI hype,Wes Roth,AI,video
OpenAI‚Äôs Code Red Explained,Matt Wolfe,AI,video
No Vibes Allowed: Solving Hard Problems in Complex Codebases ‚Äì¬†Dex Horthy, HumanLayer,AI Engineer,AI,video
Stop Getting Purple Gradients From AI (The Prompting Altitude Fix),Dylan Davis,AI,video
OpenAI goes NUCLEAR (CODE RED),Matthew Berman,AI,video
Defying Gravity - Kevin Hou, Google DeepMind,AI Engineer,AI,video
We‚Äôre 96% to AGI‚ÄîGoogle‚Äôs New ‚ÄúNested Brain‚Äù Model Explains Why,Dylan Curious,AI,video
DeepSeek V3.2,Caleb Writes Code,Coding,video
S3 EP9 - Fluid Intelligence with Johannes Brandstetter and Siddhartha Mishra,Dr Neil Ashton,General,video
Antigravity solves the invert pendulum,Google Antigravity,General,video
She Built NotebookLM. Now She‚Äôs Creating The 'Spotify of AI',The Next Wave - AI and the Future of Technology,AI,video
Hey Vsauce, Does Anything Exist?,Alex O'Connor,General,video
Watch This To Get Ahead In 2026,Alex Hormozi,General,video
Agents Will Kill Your Ul by 2026--Unless You Build This Instead,AI News & Strategy Daily | Nate B Jones,AI,video
Anthropic is trying SO hard to fix MCP...,Theo - t3‚Ä§gg,General,video
AlphaFold - The Most Important AI Breakthrough Ever Made,Two Minute Papers,AI,video
Sam Altman declares CODE RED,David Shapiro,Coding,video
Unfair Advantage | Highlights from AIPCon 8,Palantir,AI,video
How Big a Deal is the USA's AI Genesis Mission?,The AI Daily Brief: Artificial Intelligence News,AI,video
Runway Ups the Ante Against Google, OpenAI,The Information,AI,video
Deepseek did it again...,Matthew Berman,AI,video
Michael Levin: Hidden Reality of Alien Intelligence & Biological Life | Lex Fridman Podcast #486,Lex Fridman,General,video
The $700 Billion AI Productivity Problem No One's Talking About,a16z,AI,video
China Just Popped America's AI Bubble: Cyrus Janssen Reveals What Happens Next!,Wes Roth and Dylan Curious,AI,video
The US is behind Europe and China, GENESIS is just playing catch-up,David Shapiro,General,video
Medical Trainees: How to Learn FASTER as a Busy Doctor,Justin Sung and iCanStudy,AI,video
Elon Musk: A Different Conversation w/ Nikhil Kamath | Full Episode | People by WTF Ep. 16,Nikhil Kamath,General,video
The Best Consumer Startup Ideas Were Impossible Until Now,Y Combinator,Business,video
AlphaFold: Grand challenge to Nobel Prize | John Jumper,Google DeepMind and Hannah Fry,AI,video
You have TWO YEARS LEFT to prepare  - Dr. Roman Yampolskiy,Wes Roth and Dylan Curious,General,video
AI NEWS: Did Google Just Get DETHRONED?,Matt Wolfe,AI,video
How OpenAI Builds for 800 Million Weekly Users: Model Specialization and Fine-Tuning,a16z,AI,video
Scientists Are Calling It an ‚ÄúAI Species‚Äù‚ÄîHere‚Äôs Why,Dylan Curious,AI,video
If you write code, please watch this.,Theo - t3‚Ä§gg,Coding,video
AI Dual Manifold Cognitive Architecture (Experts only),Discover AI,AI,video
Black Friday GPT,The AI Daily Brief: Artificial Intelligence News,AI,video
5 Strange Habits You Pick Up as a Heavy AI User,Dylan Davis,AI,video
Sundar Pichai: Gemini 3, Vibe Coding and Google's Full Stack Strategy,Google for Developers,AI,video
Global Class Hierarchies Explained,Analyzing Finance with Nick,AI,video
How to surf the AI wave without losing our brains | Roman Paeske | TEDxSomerset West,TEDx Talks,AI,video
AI Safety Expert: Will AI Destroy Humanity?,Alex O'Connor,AI,video
Claude turns chaotic evil,Wes Roth,AI,video
Study Says AI Can Automate 57% of Current Human Work Hours,The AI Daily Brief: Artificial Intelligence News,AI,video
AI Certifications Focus on Tools NOT Skills‚ÄîHere's a Better Way,AI News & Strategy Daily | Nate B Jones,AI,video
Claude Agent Skills Explained,Anthropic,AI,video
The Gemini 3 Debate | The Brainstorm EP 111,ARK Invest,AI,panel
Claude Opus 4.5,Caleb Writes Code,AI,video
Stop Feeding AI Context... Make It Research for You,Dylan Davis,AI,video
Gemini 3 Shook OpenAI To Its Core,Matthew Berman,AI,video
The Secret Marketing Strategy That Built a16z: From Zero to Legendary VC Firm,a16z,General,video
Google won image generation (it's not even close) NANO BANANA PRO BREAKDOWN,Theo - t3‚Ä§gg,General,video
Why Claude Opus 4.5 Changes What's Possible with Vibe Coding,The AI Daily Brief: Artificial Intelligence News,AI,video
Gemini 3, Nano Banana, and The Week That Changed AI,The Next Wave - AI and the Future of Technology,AI,video
How to Learn And Grow Unbelievably Fast,A Life Engineered,General,video
The Most Important Tech of the Week Isn‚Äôt Robots or Disney‚ÄîIt‚Äôs Infinity Code,Dylan Curious,Coding,video
Real World Testing: Opus 4.5 vs. Gemini 3 vs. ChatGPT 5.1,AI News & Strategy Daily | Nate B Jones,AI,video
AI Executive Order Gets Paused,The AI Daily Brief: Artificial Intelligence News,AI,video
The neuroscience of extremes: Ruthless psychopathy to extraordinary generosity | Abigail Marsh,Big Think,AI,video
The Thinking Game | Full documentary | Tribeca Film Festival official selection,Google DeepMind and 3 more,AI,video
Anthropic won. This is my new favorite model (sorry Gemini‚Ä¶),Theo - t3‚Ä§gg,AI,video
11 FREE AI Tools That WILL Replace Your Paid Apps,Matt Wolfe,AI,video
Ilya Sutskever ‚Äì We're moving from the age of scaling to the age of research,Dwarkesh Patel,General,video
Prompting is the Wild West: Here's the Prompt Lifecycle Guide + 19 Tools + a Demo,AI News & Strategy Daily | Nate B Jones,AI,video
Anthropic just dropped Opus 4.5...,Matthew Berman,General,video
Introducing Claude Opus 4.5,Anthropic,AI,video
Don't chase happiness. Become antifragile | Tal Ben-Shahar: Full Interview,Big Think,General,interview
A Fundamental Unit Of Intelligence,Artem Kirsanov,General,video
The 2045 Superintelligence Timeline: Epoch AI‚Äôs Data-Driven Forecast,a16z,AI,video
How Did The Modern World Get So Ugly? - Sheehan Quirke,Chris Williamson,General,video
Can Superconductors Put an AI Data Center into a Shoebox?,Asianometry,AI,video
The Thinking Game | Documentary trailer,Google DeepMind and The Thinking Game Film,AI,video
Graphic Cards for AI,Caleb Writes Code,AI,video
Google's Quantum Computer Just Changed Everything!,Jean Lee,General,video
How two superpowers built fundamentally different futures | Dan Wang and Kmele Foster,Big Think,General,video
Why Your Cuts Are Off (How To Mark + Cut Like a Pro),Essential Craftsman,General,video
Did Google just kill OpenAI?,Fireship,AI,video
He Co-Invented the Transformer. Now: Continuous Thought Machines [Llion Jones / Luke Darlow],Machine Learning Street Talk,General,video
Here's the 90 Slide 'AI Eats the World' Talk in 15 Minutes‚ÄîPlus My Top Takeaways,AI News & Strategy Daily | Nate B Jones,AI,video
New top AI video models, Google dominates, top 3D model generator, Grok 4.1, GPT-Codex-Max: AI NEWS,AI Search,AI,video
Henry Farrell ‚Äî AI as a Social Technology,Watson School of International and Public Affairs,AI,video
Gemini 3 is nuts...,Matthew Berman,AI,video
How to Learn FASTER With AI - Google NotebookLM,Justin Sung,AI,video
What the Luddites Can Teach Us About Societal Response to AI,Trajectory Labs,AI,video
AI Update: NVIDIA‚Äôs Record Revenue, Elon‚Äôs Data Centers in Space & Gemini 3‚Äôs Insane Performance,Peter H. Diamandis,AI,video
Forward Future Live | 11/21/25,Matthew Berman,General,video
AIE CODE Day 2: ft Google Deepmind, Anthropic, Cursor, Netflix, Cline, OpenAI, Meta, and METR,AI Engineer,AI,video
The Research That Rethinks Neuroscience & Biology | Dr. Bernardo Kastrup,Essentia Foundation,General,video
A Universal Theory of Brain Function,Artem Kirsanov,AI,video
How I'm Building a 1-Person AI Business,Neil - Accelerate,AI,video
Singapore Tried to Grow More of Its Own Food...,Asianometry,General,video
David Kirtley: Nuclear Fusion, Plasma Physics, and the Future of Energy | Lex Fridman Podcast #485,Lex Fridman,General,video
How Plants Think & What It Teaches us about Consciousness,Infinite Now,Philosophy,video
What Comes After AI? Some Believe It‚Äôs ‚ÄúCoherence Manipulation‚Äù,Dylan Curious,AI,video
25 Things Nano Banana Pro Does That AI Couldn't Before,The AI Daily Brief: Artificial Intelligence News,AI,video
I Tested Gemini 3 as a Designer. It‚Äôs Terrifyingly Good.,Greg Isenberg,AI,video
Nano Banana Pro is Jaw Dropping: 18 Use-Cases That Were Impossible Before,AI News & Strategy Daily | Nate B Jones,AI,video
How Nvidia GPUs Compare To Google‚Äôs And Amazon‚Äôs AI Chips,CNBC,AI,video
Nano Banana Pro‚Ä¶ wtf,AI Search,AI,video
Nvidia's Blowout Earnings Pops the AI Bubble Bubble,The AI Daily Brief: Artificial Intelligence News,AI,video
Google's Nano Banana Pro & Gemini 3 Just Changed Everything!,AI For Humans,AI,video
More New AI Models! OpenAI Drops 5.1 Pro and Codex Pro,The AI Daily Brief: Artificial Intelligence News,AI,video
Gemini Enterprise and the New Way to Work,Google Cloud Events,AI,video
Google's UNREAL New Nano Banana Pro...,Wes Roth,General,video
Gemini 3: Launch day reactions,Google for Developers,AI,video
Welcome to Google Antigravity üöÄ,Google Antigravity,General,video
Gemini 3 for Developers,Google for Developers,AI,video
The Three Evergreen Laws of Geopolitics - Prof. Jiang Xueqin,Prof. Jiang Clips,Politics,video
He Built a $1M Business in 12 Months - Every Step Explained (Case Study),Ali Abdaal,AI,video
Build ANYTHING with Gemini 3 | The Agent Factory Podcast,Google Cloud Tech,AI,video
The Most Powerful AI Agent Ever Just Got Better: Full Autonomy,AI Revolution,AI,video
Build a Research Agent with Deep Agents,LangChain,AI,video
The Ultimate Guide to Building a Lifestyle Business,Ali Abdaal and Chris Ducker,Business,video
The Curious Database Powering America's Hospitals,Asianometry,General,video
Helping a Professional Learn Faster - Private Coaching Call,Justin Sung,General,video
Build an AI Agent with Gemini 3,Google for Developers,AI,video
TSMC Arizona: What About the Water?,Asianometry,General,video
How AI Is Accelerating Scientific Discovery Today and What's Ahead ‚Äî the OpenAI Podcast Ep. 10,OpenAI,AI,video
Math Suggests We May Be the Only Intelligent Life in the Universe,Anton Petrov,General,video
Most Companies Fail at AI Because They Skip This First Step,Dylan Davis,AI,video
Gemini Got Beat Already??? (GPT-5.1-Pro is insane),Theo - t3‚Ä§gg,AI,video
Gemini 3 Pro: Breakdown,AI Explained,AI,video
Gemini 3 Pro is the best model ever made,Theo - t3‚Ä§gg,AI,video
xAI's new model is insane...,Wes Roth,AI,video
A new era of intelligence with Gemini 3,Google DeepMind,AI,video
Ben Horowitz & Marc Andreessen: Why Silicon Valley Turned Against Defense (And How We're Fixing It),a16z,AI,video
Gemini 3 is actually insane...,Matthew Berman,AI,video
Tesla's Elon Musk and Nvidia's Jensen Huang talk AI at U.S.-Saudi Investment Forum ‚Äî 11/19/25,CNBC Television,AI,video
How to Go From Beginner to Advanced with AI (Fast),The Next Wave - AI and the Future of Technology,AI,video
Building a Startup in The Age of AI | Selecting The Right Market,Neil - Accelerate,AI,video
AGI Is Here: AI Legend Peter Norvig on Why it Doesn't Matter Anymore,Info-Tech Research Group,AI,video
Anthropic's Monster Projections: Profitable by 2028?,The AI Daily Brief: Artificial Intelligence News,AI,video
Learn the basics of Google Antigravity,Google Antigravity,General,video
Gemini 3 PRO in 127 seconds,Discover AI,AI,video
Google's Gemini 3.0: The Most Powerful LLM Ever,Greg Isenberg,AI,video
There Is No Wall: What Gemini 3 Really Means For Your Job,AI News & Strategy Daily | Nate B Jones,AI,video
Gemini 3 Pro - The Model You've Been Waiting For,Sam Witteveen,AI,video
NotebookLM just got 10x better‚Ä¶ let‚Äôs run it,David Ondrej,General,video
ChatGPT Has a Free Prompt Optimizer ‚Äî Here's How to Use It,Dylan Davis,AI,video
The $2B Company Cutting AI Costs By 60% | Tuhin Srivastava,Weights & Biases,AI,video
Google just dropped their Cursor killer (FREE Gemini 3 Pro???),Theo - t3‚Ä§gg,AI,video
AI Fund‚Äôs GP, Andrew Ng: LLMs as the Next Geopolitical Weapon & Do Margins Still Matter in AI?,20VC with Harry Stebbings,AI,video
What Industry Insiders Say Is Coming in 2026 (No Hype),David Shapiro,General,video
Embodied General Intelligence: The Prediction No One‚Äôs Ready For,Dylan Curious,General,video
AI Costs Plummeting 40x: Why Costs Are Collapsing & What It Really Means w/ Dave, Salim & AWG,Peter H. Diamandis,AI,video
AI Is Slowly Destroying Your Brain,HealthyGamerGG,AI,video
Gemini 3 Anticipation Reaches Fever Pitch,The AI Daily Brief: Artificial Intelligence News,AI,video
I Summarized Google's 50 Page AI Agent Paper + Vercel's AI Agent Doc in 8 Minutes: Here's the TLDR,AI News & Strategy Daily | Nate B Jones,AI,video
Building your own MCP server with ADK,Google Cloud Tech,General,video
Palantir Ontology Overview,Palantir,General,video
Is gpt-5.1 the best code model ever?,Theo - t3‚Ä§gg,AI,video
GPT 5 Prompt Secrets Unlock Better AI with 2 Tricks,Dylan Davis,AI,video
How to Not Get Fired (and be replaced by AI),Justin Sung,AI,video
Why you'll never find the meaning of life,Unsolicited advice,General,video
AI Bubble Anxiety On The Rise: Two AI CEOs Weigh In,CNBC,AI,video
Gemini 3 Just Triggered The Biggest AI Reset Since 2022,AI News & Strategy Daily | Nate B Jones,AI,video
6 Levels of Building PROFITABLE Software (beginner to god mode),Olly Rosewell,General,video
The biggest Mystery of LLMs have just been solved,bycloud,General,video
The Godmother of AI on jobs, robots & why world models are next | Dr. Fei-Fei Li,Lenny's Podcast,AI,video
should i live inside a netcafe?,Salaryman Tokyo,General,video
What Most People Miss in Marcus Aurelius' Meditations,Unsolicited advice,General,video
What a 100-year-old horse teaches us about AI,Rational Animations,AI,video
How To Fine-Tune A Large Language Model (Step-By-Step),Matt Wolfe,General,video
"Non narrative thinking" is literally changing my life,Newel of Knowledge,General,video
Ecology of Mind: A Cybernetic Approach To Planetary Problems,Essentia Foundation,General,video
Stephen Heintz & Kim Stanley Robinson | A Logic For The Future | Long Now Talks,The Long Now Foundation,General,interview
GPT-5.1, AI plays any video game, robot army, AI marriage, new TTS, world models: AI NEWS,AI Search,AI,video
Introducing the Upgraded ElevenLabs Mobile App,ElevenLabs,General,video
DGX Spark: Powering EPRI‚Äôs AI Research,NVIDIA Developer,AI,video
Google Just Pulled a Power Move: VS Code, Colab, and Gemini 3.0,AI News & Strategy Daily | Nate B Jones,AI,video
Defense Tech: Palantir‚Äôs Mosley on AI, Warfare, and the End of US Unipolarity,Bloomberg Technology,AI,video
CEO of Microsoft AI:The Next 10 Years Will Change Humanity Forever,Silicon Valley Girl,AI,video
How evolution works | Sean B. Carroll,Big Think and Big Think Clips,General,video
#20 ‚Äì Melanie Mitchell: The Science of Artificial Thinking,Scaling Theory,General,video
Anthropic, Glean & OpenRouter: How AI Moats Are Built with Deedy Das of Menlo Ventures,Latent Space,AI,video
Apps vs Models: Who Wins AI?,The AI Daily Brief: Artificial Intelligence News,AI,video
Figma Make,Caleb Writes Code,Coding,video
Scientists Found a ‚ÄúMechanical Flaw‚Äù‚Ä¶ Then Turned It Into a Superpower,Dylan Curious,General,video
ChatGPT 5.1 Is the First True AI Worker: Here's What Changed,AI News & Strategy Daily | Nate B Jones,AI,video
Fireside Chat w Joshua Browder,Relentless,General,video
Tavus: The AI Human Platform,YC Root Access,AI,video
The Brutal Truth About Biotech: Why $2B Per Drug Is Killing Innovation,a16z,General,video
My Notion PPV Tour: the original Notion Life OS, reimagined for 2026,August Bradley,General,video
I Went All-In on Obsidian Bases. Here's What Happened,Linking Your Thinking with Nick Milo,General,video
Texting While ‚ÄòDriving‚Äô In A Tesla Is‚Ä¶ Allowed? | The Brainstorm EP 109,ARK Invest,AI,video
‚ÄòThis Is the War Against Human Nature‚Äô | Interesting Times with Ross Douthat,Interesting Times with Ross Douthat and 2 more,AI,video
Anthropic admits that MCP sucks,Theo - t3‚Ä§gg,General,video
OpenAI Surprise Drops GPT-5.1 But Google Is Lurking,AI For Humans,AI,video
How to Speak So Well People Give You Money,Alex Hormozi,General,video
World Model RAG: Generative Semantic Workspaces,Discover AI,AI,video
Controllable World Models are HERE,Matthew Berman,General,video
90% of AI Jargon Is Useless ‚Äî Here's What Actually Matters,Dylan Davis,AI,video
Jensen Huang & @NVIDIA | 2025 Hawking Fellow | Cambridge Union,Cambridge Union,Hardware,video
What Happens When AI Is More Valuable Than Humans?,Endgame with Amanda Cassatt,AI,video
ChatGPT Atlas and the next era of web browsing ‚Äî the OpenAI Podcast Ep. 9,OpenAI,AI,video
Introducing SIMA 2, the next milestone in our research creating general and helpful AI agents.,Google DeepMind,AI,video
6 Things GPT-5.1 Does Better,The AI Daily Brief: Artificial Intelligence News,AI,video
GEMINI 3.0 stealth release is blowing up (FULLY TESTED),Wes Roth,AI,video
Are World Models AI's Next Big Thing?,The AI Daily Brief: Artificial Intelligence News,AI,video
How I Improved AI Output Quality 10X With One Prompting Shift,AI News & Strategy Daily | Nate B Jones,AI,video
This neural interface writes code from my brain waves‚Ä¶,Fireship,AI,video
Palantir CEO Alex Karp talks AI and slams those who doubt his company's stock,Yahoo Finance,AI,interview
GPT-5.1 is built for normies,Theo - t3‚Ä§gg,AI,video
How To Improve Your Focus Permanently,Justin Sung,General,video
How to Speak,MIT OpenCourseWare,General,video
Will AI kill us all? | Chris Meah | TEDxAstonUniversity,TEDx Talks,AI,video
Kate Crawford |  Mapping Empires,The Long Now Foundation,General,video
Lovable Boasts 8m Users: Long-Live Vibe Coding?,The AI Daily Brief: Artificial Intelligence News,AI,video
n8n JUST Leveled Up AI Agents With Guardrails: Here's How It Works,Nate Herk | AI Automation,AI,video
They Built an AGI Lab in 8 Months,Interconnects AI,AI,video
Large Language Model Selection Masterclass - Nov 2025,Marina Wyss - AI & Machine Learning,AI,video
Palantir Warp Speed Deep Dive,Palantir,General,video
üî¥ DAY 1 Livestream - 5-Day AI Agents Intensive Course Google Ai - Agent What is AI Agent,LearnifyAI,AI,video
ChatGPT Atlas Drove Me Insane (it's not just Chrome),Theo - t3‚Ä§gg,AI,video
How AI Will Change Everything! w/ Dr. Fei-Fei Li,Young and Profiting,AI,video
The AI Bubble Narrative Is "Flat Wrong" | ARK Invest‚Äôs Brett Winton,The Information,AI,video