01393.jsonl	aib-market	There are four levels of AI marketing mastery
01394.jsonl	aib-market	There are four levels of AI marketing mastery
01395.md	aib-market	# Extraction: SOURCE-20251118-1069
02436.md	aib-market	# Extraction: SOURCE-20260107-595
02610.md	aib-investment	# Extraction: SOURCE-20260113-492
03090.md	aib-market	# Extraction: SOURCE-20260126-312
03385.jsonl	aib-openai	File 03385.jsonl
03386.jsonl	aib-openai	File 03386.jsonl
03387.md	aib-openai	# Extraction: SOURCE-20260202-196
04015.jsonl	aib-investment	File 04015.jsonl
04016.jsonl	aib-investment	File 04016.jsonl
04017.md	aib-investment	# Extraction: SOURCE-20260213-089
04120.jsonl	aib-future-of-work	The common story that AI replaces workers is an oversimplification; the reality is more complicated because the bottleneck shifts from production to specification
04121.jsonl	aib-future-of-work	The common story that AI replaces workers is an oversimplification; the reality is more complicated because the bottleneck shifts from production to specification
04122.md	aib-future-of-work	# Extraction: SOURCE-20260215-061
04144.jsonl	aib-market	Ronald Coase's 1937 Nobel Prize-winning question was: if markets are so efficient, why do firms exist at all
04145.jsonl	aib-market	Ronald Coase's 1937 Nobel Prize-winning question was: if markets are so efficient, why do firms exist at all
04146.md	aib-market	# Extraction: SOURCE-20260216-007
04156.jsonl	aib-market	In the past few weeks, nearly $1 trillion was wiped from software and services stocks, with major players like FactSet, S&P Global, and Thomson Reuters experiencing significant mar
04157.jsonl	aib-market	In the past few weeks, nearly $1 trillion was wiped from software and services stocks, with major players like FactSet, S&P Global, and Thomson Reuters experiencing significant mar
04158.md	aib-market	# Extraction: SOURCE-20260216-014
04216.jsonl	aib-market	File 04216.jsonl
04217.jsonl	aib-market	File 04217.jsonl
04218.md	aib-market	# Extraction: SOURCE-20260217-008
04261.jsonl	aib-market	The speaker worked at Tesla from 2017 to 2021, primarily in leadership roles within distribution and supply chain organizations
04262.jsonl	aib-market	The speaker worked at Tesla from 2017 to 2021, primarily in leadership roles within distribution and supply chain organizations
04263.md	aib-market	# Extraction: SOURCE-20260217-041
04300.jsonl	aib-market	Thinking about software moats to protect against abundant code is the wrong frame; instead, focus on companies (SaaS, hardware, or otherwise) that will benefit most from newly abun
04301.jsonl	aib-market	Thinking about software moats to protect against abundant code is the wrong frame; instead, focus on companies (SaaS, hardware, or otherwise) that will benefit most from newly abun
04302.md	aib-market	# Extraction: SOURCE-20260218-016
04372.jsonl	aib-market	The traditional economics of software, based on the idea that building software creates an asset, is breaking
04373.jsonl	aib-market	The traditional economics of software, based on the idea that building software creates an asset, is breaking
04374.md	aib-market	# Extraction: SOURCE-20260219-012
04375.jsonl	aib-market	Breakthroughs like AlphaFold have the potential to accelerate medicine, healthcare, and scientific progress in India
04376.jsonl	aib-market	Breakthroughs like AlphaFold have the potential to accelerate medicine, healthcare, and scientific progress in India
04377.md	aib-market	# Extraction: SOURCE-20260219-013
04393.jsonl	aib-enterprise	File 04393.jsonl
04394.jsonl	aib-enterprise	File 04394.jsonl
04395.md	aib-enterprise	# Extraction: SOURCE-20260219-022
04411.jsonl	aib-market	A marketing skill built with OpenClaw generated over a million views on TikTok in a single week without manual work or a team
04412.jsonl	aib-market	A marketing skill built with OpenClaw generated over a million views on TikTok in a single week without manual work or a team
04413.md	aib-market	# Extraction: SOURCE-20260220-005
04426.jsonl	aib-openai	OpenAI is pricing an AI employee at $20,000 a month, and StrongDM is spending $1,000 in tokens per engineer per day
04427.jsonl	aib-openai	OpenAI is pricing an AI employee at $20,000 a month, and StrongDM is spending $1,000 in tokens per engineer per day
04428.md	aib-openai	# Extraction: SOURCE-20260220-012
04796.jsonl	aib-startups	Elon Musk projects full rocket reusability achievement in 2025, which would reduce launch costs by 100x or more
04797.jsonl	aib-startups	Elon Musk projects full rocket reusability achievement in 2025, which would reduce launch costs by 100x or more
04798.md	aib-market	# Extraction: SOURCE-20251031-005
04802.jsonl	aib-enterprise	AI and robotics will "refactor" the economy rather than obliterate it, meaning they will rewrite how things work while achieving identical results
04803.jsonl	aib-enterprise	AI and robotics will "refactor" the economy rather than obliterate it, meaning they will rewrite how things work while achieving identical results
04804.md	aib-compute	# Extraction: SOURCE-20251031-007
04820.jsonl	aib-market	ARK Invest's Chief Futurist Brett Winton believes the perception of the AI trade as a bubble is "flat wrong
04821.jsonl	aib-market	ARK Invest's Chief Futurist Brett Winton believes the perception of the AI trade as a bubble is "flat wrong
04822.md	aib-market	# Extraction: SOURCE-20251111-1158
04829.jsonl	aib-market	Jensen Huang, CEO of NVIDIA, was awarded the Professor Stephen Hawking Fellowship Award for 2025
04830.jsonl	aib-market	Jensen Huang, CEO of NVIDIA, was awarded the Professor Stephen Hawking Fellowship Award for 2025
04831.md	aib-market	# Extraction: SOURCE-20251112-1133
04877.jsonl	aib-anthropic	Deedy Das, a Partner at Menlo Ventures, invested in Anthropic early on when the company had no revenue
04878.jsonl	aib-anthropic	Deedy Das, a Partner at Menlo Ventures, invested in Anthropic early on when the company had no revenue
04879.md	aib-anthropic	# Extraction: SOURCE-20251114-1115
04892.jsonl	aib-market	The Brainstorm episode 109 discusses Tesla's plans to build its own chip fab and the implications for autonomous driving
04893.jsonl	aib-market	The Brainstorm episode 109 discusses Tesla's plans to build its own chip fab and the implications for autonomous driving
04894.md	aib-market	# Extraction: SOURCE-20251114-1125
04907.jsonl	aib-market	The AI industry, once perceived as unstoppable, is now experiencing numerous small setbacks
04908.jsonl	aib-market	The AI industry, once perceived as unstoppable, is now experiencing numerous small setbacks
04909.md	aib-market	# Extraction: SOURCE-20251115-1095
04913.jsonl	aib-monetization	EPRI is a nonprofit research organization focused on advancing the science for a reliable, affordable, and resilient energy future
04914.jsonl	aib-monetization	EPRI is a nonprofit research organization focused on advancing the science for a reliable, affordable, and resilient energy future
04915.md	aib-monetization	# Extraction: SOURCE-20251115-1109
04940.jsonl	aib-anthropic	Anthropic projects achieving $70 billion in revenue and $17 billion in positive cash flow by 2028
04941.jsonl	aib-anthropic	Anthropic projects achieving $70 billion in revenue and $17 billion in positive cash flow by 2028
04942.md	aib-anthropic	# Extraction: SOURCE-20251117-1072
04949.jsonl	aib-anthropic	Anthropic has surpassed OpenAI in some aspects of AI development
04950.jsonl	aib-anthropic	Anthropic has surpassed OpenAI in some aspects of AI development
04951.md	aib-compute	# Extraction: SOURCE-20251117-1085
04967.jsonl	aib-market	There are four levels of AI marketing mastery
04968.jsonl	aib-market	There are four levels of AI marketing mastery
04969.md	aib-market	# Extraction: SOURCE-20251118-1069
04976.jsonl	aib-market	Baseten is one of the fastest-growing companies in the AI inference ecosystem
04977.jsonl	aib-market	Baseten is one of the fastest-growing companies in the AI inference ecosystem
04978.md	aib-compute	# Extraction: SOURCE-20251118-1080
05006.jsonl	aib-market	File 05006.jsonl
05007.jsonl	aib-market	File 05007.jsonl
05008.md	aib-market	# Extraction: SOURCE-20251119-1068
05021.jsonl	aib-future-of-work	The Luddites were a 19th-century movement of textile workers who destroyed weaving machines due to concerns about being replaced
05022.jsonl	aib-future-of-work	The Luddites were a 19th-century movement of textile workers who destroyed weaving machines due to concerns about being replaced
05023.md	aib-enterprise	# Extraction: SOURCE-20251120-1024
05048.jsonl	aib-compute	Nvidia's recent blowout earnings affirmed its position as the world's most valuable company, largely due to high sales of GPUs optimized for AI workloads
05049.jsonl	aib-compute	Nvidia's recent blowout earnings affirmed its position as the world's most valuable company, largely due to high sales of GPUs optimized for AI workloads
05050.md	aib-compute	# Extraction: SOURCE-20251121-1038
05054.jsonl	aib-compute	Nvidia reported strong earnings, attributing its success to three platform shifts: GPU-accelerated computing, generative AI transforming applications, and the emergence of agentic 
05055.jsonl	aib-compute	Nvidia reported strong earnings, attributing its success to three platform shifts: GPU-accelerated computing, generative AI transforming applications, and the emergence of agentic 
05056.md	aib-compute	# Extraction: SOURCE-20251121-1040
05066.jsonl	aib-market	File 05066.jsonl
05067.jsonl	aib-market	File 05067.jsonl
05068.md	aib-monetization	# Extraction: SOURCE-20251122-1025
05123.jsonl	aib-anthropic	Anthropic has released a new flagship model called Opus 4
05124.jsonl	aib-anthropic	Anthropic has released a new flagship model called Opus 4
05125.md	aib-anthropic	# Extraction: SOURCE-20251125-988
05195.jsonl	aib-compute	File 05195.jsonl
05196.jsonl	aib-compute	File 05196.jsonl
05197.md	aib-market	# Extraction: SOURCE-20251130-960
05213.jsonl	aib-investment	Cyrus Janssen is a geopolitical analyst, investor, speaker, and social media influencer who lived in China and Canada for 15 years
05214.jsonl	aib-investment	Cyrus Janssen is a geopolitical analyst, investor, speaker, and social media influencer who lived in China and Canada for 15 years
05215.md	aib-investment	# Extraction: SOURCE-20251201-965
05240.jsonl	aib-compute	AI infrastructure is becoming central to both national security and economic competitiveness
05241.jsonl	aib-compute	AI infrastructure is becoming central to both national security and economic competitiveness
05242.md	aib-compute	# Extraction: SOURCE-20251203-915
05261.jsonl	aib-market	The next decade will be significantly shaped by energy, influencing aspects from globalization to warfare and artificial intelligence
05262.jsonl	aib-market	The next decade will be significantly shaped by energy, influencing aspects from globalization to warfare and artificial intelligence
05263.md	aib-future-of-work	# Extraction: SOURCE-20251204-917
05273.jsonl	aib-openai	OpenAI's new "Garlic" model has achieved major breakthroughs in pre-training and internal benchmarks, setting a roadmap toward GPT-5
05274.jsonl	aib-openai	OpenAI's new "Garlic" model has achieved major breakthroughs in pre-training and internal benchmarks, setting a roadmap toward GPT-5
05275.md	aib-openai	# Extraction: SOURCE-20251204-936
05288.jsonl	aib-future-of-work	AI is approaching a point where it will disrupt many industries, potentially leading to widespread unemployment
05289.jsonl	aib-future-of-work	AI is approaching a point where it will disrupt many industries, potentially leading to widespread unemployment
05290.md	aib-future-of-work	# Extraction: SOURCE-20251205-920
05309.jsonl	aib-investment	Microsoft's quota revisions have initiated discussion regarding AI demand versus the company's execution and have caused investor concern
05310.jsonl	aib-investment	Microsoft's quota revisions have initiated discussion regarding AI demand versus the company's execution and have caused investor concern
05311.md	aib-investment	# Extraction: SOURCE-20251206-903
05333.jsonl	aib-market	Elon Musk tweeted that Grok 4
05334.jsonl	aib-market	Elon Musk tweeted that Grok 4
05335.md	aib-market	# Extraction: SOURCE-20251208-890
05372.jsonl	aib-anthropic	The podcast episode, recorded on December 6th, 2025, discusses "GPT-5
05373.jsonl	aib-anthropic	The podcast episode, recorded on December 6th, 2025, discusses "GPT-5
05374.md	aib-anthropic	# Extraction: SOURCE-20251209-887
05381.jsonl	aib-market	The Pentagon has reportedly received a directive, embedded in the $900 billion defense bill, to prepare for General Intelligence (GI)
05382.jsonl	aib-market	The Pentagon has reportedly received a directive, embedded in the $900 billion defense bill, to prepare for General Intelligence (GI)
05383.md	aib-market	# Extraction: SOURCE-20251210-884
05462.jsonl	aib-market	ASML spent a decade developing a $400 million High NA machine in the Netherlands, which is transforming microchip manufacturing
05463.jsonl	aib-market	ASML spent a decade developing a $400 million High NA machine in the Netherlands, which is transforming microchip manufacturing
05464.md	aib-market	# Extraction: SOURCE-20251213-831
05507.jsonl	aib-market	2 is a powerful AI model, as indicated by its title "GPT-5
05508.jsonl	aib-market	2 is a powerful AI model, as indicated by its title "GPT-5
05509.md	aib-market	# Extraction: SOURCE-20251216-814
05531.jsonl	aib-openai	An OpenAI researcher has resigned, alleging that the company is concealing information regarding the potential impact of AI
05532.jsonl	aib-openai	An OpenAI researcher has resigned, alleging that the company is concealing information regarding the potential impact of AI
05533.md	aib-openai	# Extraction: SOURCE-20251217-809
05615.jsonl	aib-enterprise	Ford announced a $19
05616.jsonl	aib-enterprise	Ford announced a $19
05617.md	aib-enterprise	# Extraction: SOURCE-20251220-759
05624.jsonl	aib-market	NVIDIA's comprehensive approach to robotics involves open models, frameworks, libraries, and hardware to empower developers to build intelligent and autonomous systems
05625.jsonl	aib-market	NVIDIA's comprehensive approach to robotics involves open models, frameworks, libraries, and hardware to empower developers to build intelligent and autonomous systems
05626.md	aib-market	# Extraction: SOURCE-20251220-781
05708.jsonl	aib-market	File 05708.jsonl
05709.jsonl	aib-market	File 05709.jsonl
05710.md	aib-market	# Extraction: SOURCE-20251225-722
05741.jsonl	aib-future-of-work	A long-term thesis in robotics is the decoupling of physical labor from economic output
05742.jsonl	aib-future-of-work	A long-term thesis in robotics is the decoupling of physical labor from economic output
05743.md	aib-market	# Extraction: SOURCE-20251229-691
05762.jsonl	aib-market	File 05762.jsonl
05763.jsonl	aib-market	File 05763.jsonl
05764.md	aib-market	# Extraction: SOURCE-20251229-703
05891.jsonl	aib-market	AI-powered dashboards, often presented as tools for leadership clarity, can create a 'single pane of glass' trap by making fake legibility cheaper than real legibility
05892.jsonl	aib-market	AI-powered dashboards, often presented as tools for leadership clarity, can create a 'single pane of glass' trap by making fake legibility cheaper than real legibility
05893.md	aib-market	# Extraction: SOURCE-20260103-638
05894.jsonl	aib-anthropic	Anthropic is adopting a disciplined strategy regarding spending and algorithmic efficiency, contrasting with OpenAI's substantial $1
05895.jsonl	aib-anthropic	Anthropic is adopting a disciplined strategy regarding spending and algorithmic efficiency, contrasting with OpenAI's substantial $1
05896.md	aib-anthropic	# Extraction: SOURCE-20260103-639
05924.jsonl	aib-market	Jensen Huang, CEO of Nvidia, is speaking at the Consumer Electronics Show (CES) in Las Vegas
05925.jsonl	aib-market	Jensen Huang, CEO of Nvidia, is speaking at the Consumer Electronics Show (CES) in Las Vegas
05926.md	aib-market	# Extraction: SOURCE-20260105-571
05948.jsonl	aib-market	NVIDIA's CEO Jensen Huang revealed groundbreaking physical AI, autonomous robots, and industrial automation at CES 2026
05949.jsonl	aib-market	NVIDIA's CEO Jensen Huang revealed groundbreaking physical AI, autonomous robots, and industrial automation at CES 2026
05950.md	aib-market	# Extraction: SOURCE-20260105-621
05963.jsonl	aib-market	File 05963.jsonl
05964.jsonl	aib-market	File 05964.jsonl
05965.md	aib-market	# Extraction: SOURCE-20260106-570
05972.jsonl	aib-compute	NVIDIA's new Vera Rubin GPU architecture is designed to power generative AI models and applications, humanoid robots, and self-driving cars
05973.jsonl	aib-compute	NVIDIA's new Vera Rubin GPU architecture is designed to power generative AI models and applications, humanoid robots, and self-driving cars
05974.md	aib-compute	# Extraction: SOURCE-20260106-598
05990.jsonl	aib-market	Siemens is positioning Industrial AI as the force that will reshape the next century, akin to how electricity revolutionized the world
05991.jsonl	aib-market	Siemens is positioning Industrial AI as the force that will reshape the next century, akin to how electricity revolutionized the world
05992.md	aib-market	# Extraction: SOURCE-20260107-343
05999.jsonl	aib-market	CES 2026 marked a shift from quirky AI gadgets to major players defining product categories and accelerating roadmap rollouts
06000.jsonl	aib-market	CES 2026 marked a shift from quirky AI gadgets to major players defining product categories and accelerating roadmap rollouts
06001.md	aib-market	# Extraction: SOURCE-20260107-573
06002.jsonl	aib-meta	NVIDIA is making strategic moves with Groq, and Meta has acquired Manus AI
06003.jsonl	aib-meta	NVIDIA is making strategic moves with Groq, and Meta has acquired Manus AI
06004.md	aib-meta	# Extraction: SOURCE-20260107-585
06008.jsonl	aib-market	AI represents the largest technological shift Marc Andreessen has experienced
06009.jsonl	aib-market	AI represents the largest technological shift Marc Andreessen has experienced
06010.md	aib-market	# Extraction: SOURCE-20260107-595
06011.jsonl	aib-market	The 'GOD' company refers to a significant, potentially dominant entity emerging in the AI landscape
06012.jsonl	aib-market	The 'GOD' company refers to a significant, potentially dominant entity emerging in the AI landscape
06013.md	aib-market	# Extraction: SOURCE-20260107-602
06041.jsonl	aib-monetization	Jason Lemkin is recognized as a leading SaaS investor of the last decade, with a portfolio that includes companies like Algolia, Talkdesk, Owner, RevenueCat, and Saleloft
06042.jsonl	aib-monetization	Jason Lemkin is recognized as a leading SaaS investor of the last decade, with a portfolio that includes companies like Algolia, Talkdesk, Owner, RevenueCat, and Saleloft
06043.md	aib-investment	# Extraction: SOURCE-20260108-591
06047.jsonl	aib-market	The end of Moore’s Law makes the shift to accelerated computing inevitable, irrespective of any discussions about an AI “bubble
06048.jsonl	aib-market	The end of Moore’s Law makes the shift to accelerated computing inevitable, irrespective of any discussions about an AI “bubble
06049.md	aib-market	# Extraction: SOURCE-20260108-593
06065.jsonl	aib-monetization	Detroit is attempting to transform the Rust Belt into an "American Shenzhen" by combining traditional industrial resilience with modern software
06066.jsonl	aib-monetization	Detroit is attempting to transform the Rust Belt into an "American Shenzhen" by combining traditional industrial resilience with modern software
06067.md	aib-monetization	# Extraction: SOURCE-20260109-393
06080.jsonl	aib-market	TIME named the 'Architects of AI' as the 2025 Person of the Year, including Jensen Huang
06081.jsonl	aib-market	TIME named the 'Architects of AI' as the 2025 Person of the Year, including Jensen Huang
06082.md	aib-market	# Extraction: SOURCE-20260109-546
06086.jsonl	aib-market	NVIDIA's Alpamayo AI is taking centerstage at CES 2026 due to its autonomous driving capabilities
06087.jsonl	aib-market	NVIDIA's Alpamayo AI is taking centerstage at CES 2026 due to its autonomous driving capabilities
06088.md	aib-market	# Extraction: SOURCE-20260109-553
06119.jsonl	aib-openai	ChatGPT has made its first significant move into the health sector
06120.jsonl	aib-openai	ChatGPT has made its first significant move into the health sector
06121.md	aib-openai	# Extraction: SOURCE-20260110-555
06140.jsonl	aib-market	Palantir's Head of Strategic Engagement responded to GNCA's coverage of Palantir's partnership with NVIDIA
06141.jsonl	aib-market	Palantir's Head of Strategic Engagement responded to GNCA's coverage of Palantir's partnership with NVIDIA
06142.md	aib-market	# Extraction: SOURCE-20260111-530
06155.jsonl	aib-market	The "holy grail" problem in Large Language Models (LLMs) is the trade-off between speed and quality
06156.jsonl	aib-market	The "holy grail" problem in Large Language Models (LLMs) is the trade-off between speed and quality
06157.md	aib-market	# Extraction: SOURCE-20260112-470
06236.jsonl	aib-market	File 06236.jsonl
06237.jsonl	aib-market	File 06237.jsonl
06238.md	aib-market	# Extraction: SOURCE-20260114-489
06260.jsonl	aib-google	Palmer Luckey founded Oculus, a virtual reality company, in his 20s and sold it to Facebook for billions
06261.jsonl	aib-google	Palmer Luckey founded Oculus, a virtual reality company, in his 20s and sold it to Facebook for billions
06262.md	aib-google	# Extraction: SOURCE-20260115-469
06275.jsonl	aib-compute	Heavy users of AI models like Claude Code should consider pooling resources to purchase NVIDIA hardware upfront, such as H100 GPUs, as an alternative to accumulating subscription o
06276.jsonl	aib-compute	Heavy users of AI models like Claude Code should consider pooling resources to purchase NVIDIA hardware upfront, such as H100 GPUs, as an alternative to accumulating subscription o
06277.md	aib-monetization	# Extraction: SOURCE-20260115-478
06281.jsonl	aib-compute	Datacenter policy and rising electricity costs are driving 2026 campaign fights over affordability and prompting presidential pressure on Big Tech to cover local utility impacts
06282.jsonl	aib-compute	Datacenter policy and rising electricity costs are driving 2026 campaign fights over affordability and prompting presidential pressure on Big Tech to cover local utility impacts
06283.md	aib-compute	# Extraction: SOURCE-20260116-449
06296.jsonl	aib-market	The Vegas Loop transported over 90,000 passengers during CES 2026, peaking at more than 6,600 riders per hour
06297.jsonl	aib-market	The Vegas Loop transported over 90,000 passengers during CES 2026, peaking at more than 6,600 riders per hour
06298.md	aib-market	# Extraction: SOURCE-20260117-392
06410.jsonl	aib-enterprise	The common narrative that "vibe coding" will replace enterprise SaaS due to disposable software is incorrect; the reality is more complex
06411.jsonl	aib-enterprise	The common narrative that "vibe coding" will replace enterprise SaaS due to disposable software is incorrect; the reality is more complex
06412.md	aib-enterprise	# Extraction: SOURCE-20260120-430
06452.jsonl	aib-market	File 06452.jsonl
06453.jsonl	aib-market	File 06453.jsonl
06454.md	aib-market	# Extraction: SOURCE-20260121-411
06455.jsonl	aib-market	Nvidia is backing a 'Mathematical Superintelligence' project
06456.jsonl	aib-market	Nvidia is backing a 'Mathematical Superintelligence' project
06457.md	aib-market	# Extraction: SOURCE-20260121-412
06557.jsonl	aib-market	CES 2026 featured impressive builds and inspiring stories, despite a prevalence of AI-related content and expensive technology
06558.jsonl	aib-market	CES 2026 featured impressive builds and inspiring stories, despite a prevalence of AI-related content and expensive technology
06559.md	aib-market	# Extraction: SOURCE-20260124-280
06584.jsonl	aib-anthropic	The common story is that AGI is distant speculation, but the reality is more complicated when the leaders of Anthropic and DeepMind publicly agree it's arriving faster than most ou
06585.jsonl	aib-anthropic	The common story is that AGI is distant speculation, but the reality is more complicated when the leaders of Anthropic and DeepMind publicly agree it's arriving faster than most ou
06586.md	aib-anthropic	# Extraction: SOURCE-20260124-352
06713.jsonl	aib-market	File 06713.jsonl
06714.jsonl	aib-market	File 06714.jsonl
06715.md	aib-market	# Extraction: SOURCE-20260127-284
06782.jsonl	aib-startups	Elon Musk has founded more category-defining companies than any other living founder
06783.jsonl	aib-startups	Elon Musk has founded more category-defining companies than any other living founder
06784.md	aib-startups	# Extraction: SOURCE-20260128-260
06830.jsonl	aib-compute	5 from Moonshot Labs uses multimodal training to process 15 trillion tokens from various formats
06831.jsonl	aib-compute	5 from Moonshot Labs uses multimodal training to process 15 trillion tokens from various formats
06832.md	aib-anthropic	# Extraction: SOURCE-20260129-251
06869.jsonl	aib-investment	The largest layoff in Amazon's history, involving 30,000 people, is primarily a capital reallocation story, not solely about culture or an excess of managers
06870.jsonl	aib-investment	The largest layoff in Amazon's history, involving 30,000 people, is primarily a capital reallocation story, not solely about culture or an excess of managers
06871.md	aib-investment	# Extraction: SOURCE-20260130-236
06887.jsonl	aib-startups	Job listings frequently require extensive experience (e
06888.jsonl	aib-startups	Job listings frequently require extensive experience (e
06889.md	aib-startups	# Extraction: SOURCE-20260131-208
06965.jsonl	aib-investment	Artificial intelligence has already crossed a tipping point, fundamentally reshaping the world
06966.jsonl	aib-investment	Artificial intelligence has already crossed a tipping point, fundamentally reshaping the world
06967.md	aib-investment	# Extraction: SOURCE-20260202-212
07001.jsonl	aib-compute	The cost of integrations and simple CRUD software glue has collapsed to near zero, allowing anyone to wire together an app doing some API calls in minutes
07002.jsonl	aib-compute	The cost of integrations and simple CRUD software glue has collapsed to near zero, allowing anyone to wire together an app doing some API calls in minutes
07003.md	aib-future-of-work	# Extraction: SOURCE-20260203-020
07052.jsonl	aib-future-of-work	Knowledge and labor are becoming less valuable, and human labor may soon have negative economic value
07053.jsonl	aib-future-of-work	Knowledge and labor are becoming less valuable, and human labor may soon have negative economic value
07054.md	aib-future-of-work	# Extraction: SOURCE-20260204-001
07055.jsonl	aib-anthropic	Anthropic's release of plugins for Claude Cowork led to a $285 billion loss in market value for software stocks within 24 hours
07056.jsonl	aib-anthropic	Anthropic's release of plugins for Claude Cowork led to a $285 billion loss in market value for software stocks within 24 hours
07057.md	aib-anthropic	# Extraction: SOURCE-20260204-003
07067.jsonl	aib-market	The interface moat, which has historically protected vertical software companies built on workflow complexity, is dying due to the rise of LLMs
07068.jsonl	aib-market	The interface moat, which has historically protected vertical software companies built on workflow complexity, is dying due to the rise of LLMs
07069.md	aib-market	# Extraction: SOURCE-20260204-009
07088.jsonl	aib-compute	Elon Musk envisions a future where AI infrastructure in space will revolutionize cost, innovation, and competition, potentially dwarfing terrestrial data centers
07089.jsonl	aib-compute	Elon Musk envisions a future where AI infrastructure in space will revolutionize cost, innovation, and competition, potentially dwarfing terrestrial data centers
07090.md	aib-market	# Extraction: SOURCE-20260204-180
07106.jsonl	aib-market	Most people are underestimating both the radical upside and the potential risks of powerful AI
07107.jsonl	aib-market	Most people are underestimating both the radical upside and the potential risks of powerful AI
07108.md	aib-market	# Extraction: SOURCE-20260204-website-article-unknown-machines_of_loving_grace_darioamodei
07118.jsonl	aib-anthropic	Claude transformed coding in 2025, and in 2026, it will transform knowledge work
07119.jsonl	aib-anthropic	Claude transformed coding in 2025, and in 2026, it will transform knowledge work
07120.md	aib-anthropic	# Extraction: SOURCE-20260205-003
07139.jsonl	aib-investment	A market regime change is occurring due to a shortage of financial capital, driven by the AI capital expenditure (capex) cycle
07140.jsonl	aib-investment	A market regime change is occurring due to a shortage of financial capital, driven by the AI capital expenditure (capex) cycle
07141.md	aib-enterprise	# Extraction: SOURCE-20260205-015
07277.jsonl	aib-investment	Artificial Intelligence (AI) will fundamentally change how all computation is performed
07278.jsonl	aib-investment	Artificial Intelligence (AI) will fundamentally change how all computation is performed
07279.md	aib-investment	# Extraction: SOURCE-20260206-157
07292.jsonl	aib-enterprise	Markets are currently revaluing software due to AI, as investors are concerned about the potential replacement of existing SaaS business models
07293.jsonl	aib-enterprise	Markets are currently revaluing software due to AI, as investors are concerned about the potential replacement of existing SaaS business models
07294.md	aib-enterprise	# Extraction: SOURCE-20260206-172
07310.jsonl	aib-market	The decline in the IGV (software index) due to AI eroding SaaS moats is only the beginning of a much larger disruption over the next few years
07311.jsonl	aib-market	The decline in the IGV (software index) due to AI eroding SaaS moats is only the beginning of a much larger disruption over the next few years
07312.md	aib-compute	# Extraction: SOURCE-20260207-011
07340.jsonl	aib-market	Global markets are currently experiencing significant volatility, driven by investor anxiety
07341.jsonl	aib-market	Global markets are currently experiencing significant volatility, driven by investor anxiety
07342.md	aib-market	# Extraction: SOURCE-20260207-158
07382.jsonl	aib-market	Simon's 1971 observation on information scarcity predicted the economic structure of the 21st century
07383.jsonl	aib-market	Simon's 1971 observation on information scarcity predicted the economic structure of the 21st century
07384.md	aib-market	# Extraction: SOURCE-20260209-006
07424.jsonl	aib-compute	Loneliness and poor mental health cost America approximately $460 billion annually, which is comparable to Vietnam's entire GDP
07425.jsonl	aib-compute	Loneliness and poor mental health cost America approximately $460 billion annually, which is comparable to Vietnam's entire GDP
07426.md	aib-compute	# Extraction: SOURCE-20260211-006
07439.jsonl	aib-compute	A Chiyozuru kanna, despite its high cost and meticulous setup, is economically worthless compared to a power planer that performs the same work in a fraction of the time
07440.jsonl	aib-compute	A Chiyozuru kanna, despite its high cost and meticulous setup, is economically worthless compared to a power planer that performs the same work in a fraction of the time
07441.md	aib-future-of-work	# Extraction: SOURCE-20260211-011
07457.jsonl	aib-market	The humanoid robot market is projected to reach $50 trillion
07458.jsonl	aib-market	The humanoid robot market is projected to reach $50 trillion
07459.md	aib-market	# Extraction: SOURCE-20260211-116
07472.jsonl	aib-market	The world will look unrecognizable in 10 years due to AI acceleration
07473.jsonl	aib-market	The world will look unrecognizable in 10 years due to AI acceleration
07474.md	aib-market	# Extraction: SOURCE-20260212-002
07502.jsonl	aib-market	The smartphone era is over, and this shift is not widely recognized
07503.jsonl	aib-market	The smartphone era is over, and this shift is not widely recognized
07504.md	aib-market	# Extraction: SOURCE-20260212-091
07517.jsonl	aib-market	GLM-5 is the best open-weight model ever seen
07518.jsonl	aib-market	GLM-5 is the best open-weight model ever seen
07519.md	aib-compute	# Extraction: SOURCE-20260212-103
07556.jsonl	aib-market	Deep learning requires thousands of simple calculations (matrix multiplications) simultaneously
07557.jsonl	aib-market	Deep learning requires thousands of simple calculations (matrix multiplications) simultaneously
07558.md	aib-enterprise	# Extraction: SOURCE-20260213-015
07589.jsonl	aib-investment	File 07589.jsonl
07590.jsonl	aib-investment	File 07590.jsonl
07591.md	aib-investment	# Extraction: SOURCE-20260213-089
07694.jsonl	aib-future-of-work	The common story that AI replaces workers is an oversimplification; the reality is more complicated because the bottleneck shifts from production to specification
07695.jsonl	aib-future-of-work	The common story that AI replaces workers is an oversimplification; the reality is more complicated because the bottleneck shifts from production to specification
07696.md	aib-future-of-work	# Extraction: SOURCE-20260215-061
07718.jsonl	aib-market	Ronald Coase's 1937 Nobel Prize-winning question was: if markets are so efficient, why do firms exist at all
07719.jsonl	aib-market	Ronald Coase's 1937 Nobel Prize-winning question was: if markets are so efficient, why do firms exist at all
07720.md	aib-market	# Extraction: SOURCE-20260216-007
07730.jsonl	aib-market	In the past few weeks, nearly $1 trillion was wiped from software and services stocks, with major players like FactSet, S&P Global, and Thomson Reuters experiencing significant mar
07731.jsonl	aib-market	In the past few weeks, nearly $1 trillion was wiped from software and services stocks, with major players like FactSet, S&P Global, and Thomson Reuters experiencing significant mar
07732.md	aib-market	# Extraction: SOURCE-20260216-014
07790.jsonl	aib-market	File 07790.jsonl
07791.jsonl	aib-market	File 07791.jsonl
07792.md	aib-market	# Extraction: SOURCE-20260217-008
07835.jsonl	aib-market	The speaker worked at Tesla from 2017 to 2021, primarily in leadership roles within distribution and supply chain organizations
07836.jsonl	aib-market	The speaker worked at Tesla from 2017 to 2021, primarily in leadership roles within distribution and supply chain organizations
07837.md	aib-market	# Extraction: SOURCE-20260217-041
07874.jsonl	aib-market	Thinking about software moats to protect against abundant code is the wrong frame; instead, focus on companies (SaaS, hardware, or otherwise) that will benefit most from newly abun
07875.jsonl	aib-market	Thinking about software moats to protect against abundant code is the wrong frame; instead, focus on companies (SaaS, hardware, or otherwise) that will benefit most from newly abun
07876.md	aib-market	# Extraction: SOURCE-20260218-016
07946.jsonl	aib-market	The traditional economics of software, based on the idea that building software creates an asset, is breaking
07947.jsonl	aib-market	The traditional economics of software, based on the idea that building software creates an asset, is breaking
07948.md	aib-market	# Extraction: SOURCE-20260219-012
07949.jsonl	aib-market	Breakthroughs like AlphaFold have the potential to accelerate medicine, healthcare, and scientific progress in India
07950.jsonl	aib-market	Breakthroughs like AlphaFold have the potential to accelerate medicine, healthcare, and scientific progress in India
07951.md	aib-market	# Extraction: SOURCE-20260219-013
07967.jsonl	aib-enterprise	File 07967.jsonl
07968.jsonl	aib-enterprise	File 07968.jsonl
07969.md	aib-enterprise	# Extraction: SOURCE-20260219-022
07985.jsonl	aib-market	A marketing skill built with OpenClaw generated over a million views on TikTok in a single week without manual work or a team
07986.jsonl	aib-market	A marketing skill built with OpenClaw generated over a million views on TikTok in a single week without manual work or a team
07987.md	aib-market	# Extraction: SOURCE-20260220-005
08000.jsonl	aib-openai	OpenAI is pricing an AI employee at $20,000 a month, and StrongDM is spending $1,000 in tokens per engineer per day
10048.md	aib-enterprise	# OpenCode just killed all vibe coding apps (it’s insane)
10159.md	aib-enterprise	# 260 | Claude Cowork Just Changed the Game: How You Can Automate Everything (Without Coding)
10235.md	aib-enterprise	# This Is How You Know AGI Is Close
10316.md	aib-enterprise	# I just replaced myself with Clawdbot… here's how
10623.md	aib-enterprise	# AI Business Ideas Nobody Is Building Yet
10712.md	aib-enterprise	# I made my OpenClaw 10x more powerful (seriously)
11006.md	aib-anthropic	# Lessons from Building Claude Code: Prompt Caching Is Everything
11011.md	aib-anthropic	# dmux Thread Archive
11016.md	aib-google	1 + New AI Studio Is Here: Full Prototyping Tutorial in 18 Minutes
11022.md	aib-compute	# On Artificial Intelligence
11037.md	aib-anthropic	# Claude Code on Desktop Features
11045.md	aib-google	# I learned AI designing more in this 1 hr than any course ever
11048.md	aib-anthropic	# Claude Code to Figma: Is Taste the Only Skill That Matters Now
11052.md	aib-google	1 Pro For Beginners - All New Features Explained (Gemini 3
11055.md	aib-openai	# Alex Prompter X Thread
11056.md	aib-compute	# The $285B Sell-Off Was Just the Beginning — The Infrastructure Story Is Bigger
11073.md	aib-future-of-work	# OpenClaw Research — Source Inventory
11340.md	aib-market	# Kimi × OpenClaw — The Simplest Setup Yet
11346.md	aib-enterprise	# My AI Design Toolkit: What Actually Works For Me in 2026
11377.md	aib-anthropic	# VERIFY-B: Canon 30/31/32-35 Coverage vs v2
11431.md	aib-enterprise	Palantir explicitly calls this an "operational layer" and often a "digital twin" because it's meant to represent what exists and what can be done, not just what's stored
11435.md	aib-google	# Google AI Ecosystem: Total Integration Topology for Agentic Architectures
11497.md	aib-anthropic	This week, Claude Cowork launched
11503.md	aib-enterprise	### The Semantic Substrate of the Enterprise
11506.md	aib-google	# Google AI Ecosystem: Definitive Architectural Audit (January 2026)
11509.md	aib-google	### Key Points on Google's AI Ecosystem Audit
11536.md	aib-anthropic	> Holistically inspect/examine the corpus of research files (attached in the project files) to elucidate and interpolate points of convergence
11563.md	aib-enterprise	Explain Palantir's ontology
11569.md	aib-market	# Comprehensive AI Platform Feature Topology Analysis: Technical Capabilities, Agentic Architectures, and Ecosystem Convergence (January 2026\)
11626.md	aib-anthropic	# Deep Research Prompt: Claude Code Architecture Validation & Enhancement
11627.md	aib-anthropic	# Claude Code Architecture: Unified Research Synthesis
11633.md	aib-anthropic	# Claude Code Validation Research Synthesis
11635.md	aib-anthropic	# Claude Code: From Expert Usage to Superintelligent Orchestration
11640.md	aib-anthropic	# The "God-Mode" Claude Code Architecture: A Unified Synthesis
11642.md	aib-anthropic	Subreddit: r/ClaudeAl
11646.md	aib-enterprise	# THE SYNCRESCENDENT CONVERGENCE
11657.md	aib-compute	# Ajna 6-Month Horizon – 2026-02-22 → 2026-08-22
