filename	refined_topic	one_line_summary
08045.md	aic-vibe-coding	Claude Code documentation
08046.md	aic-vibe-coding	Claude Code documentation
08064.md	aic-workflows	Claude Code documentation
08071.md	aic-vibe-coding	Claude Code documentation
08075.md	aic-vibe-coding	Claude Code documentation
08081.md	aic-full-stack	Claude Code documentation
08083.md	aic-debugging	Claude Code documentation
08085.md	aic-debugging	Claude Code documentation
08098.yaml	aic-refactoring	Claude Code documentation
08099.yaml	aic-refactoring	Claude Code documentation
08123.md	aic-workflows	Claude Code documentation
08135.md	aic-documentation	Claude Code documentation
08142.md	aic-workflows	Claude Code documentation
08143.md	aic-documentation	Claude Code documentation
08159.md	aic-debugging	Claude Code documentation
08172.md	aic-benchmarks	Claude Code documentation
08176.md	aic-workflows	Claude Code documentation
08179.md	aic-documentation	Claude Code documentation
08181.md	aic-vibe-coding	Claude Code documentation
08182.md	aic-workflows	Claude Code documentation
08183.md	aic-tips	Claude Code documentation
08184.md	aic-workflows	Claude Code documentation
08185.md	aic-benchmarks	Claude Code documentation
08191.md	aic-documentation	Claude Code documentation
08192.md	aic-documentation	Claude Code documentation
08193.md	aic-vibe-coding	Claude Code documentation
08195.md	aic-workflows	Claude Code documentation
08196.md	aic-documentation	Claude Code documentation
08198.md	aic-pair-programming	Claude Code documentation
08199.md	aic-vibe-coding	Claude Code documentation
08205.md	aic-benchmarks	Claude Code documentation
08206.md	aic-vibe-coding	Claude Code documentation
08208.md	aic-workflows	Claude Code documentation
08210.md	aic-debugging	Claude Code documentation
08211.md	aic-debugging	Claude Code documentation
08212.md	aic-vibe-coding	Claude Code documentation
08216.md	aic-workflows	Claude Code documentation
08217.md	aic-documentation	Claude Code documentation
08219.md	aic-workflows	Claude Code documentation
08221.md	aic-vibe-coding	Claude Code documentation
08223.md	aic-tips	Claude Code documentation
08227.md	aic-workflows	Claude Code documentation
08233.md	aic-vibe-coding	Claude Code documentation
08234.md	aic-debugging	Claude Code documentation
08236.md	aic-debugging	Claude Code documentation
08237.md	aic-debugging	Claude Code documentation
08240.md	aic-pair-programming	Claude Code documentation
08241.md	aic-workflows	Claude Code documentation
08246.md	aic-debugging	Claude Code documentation
08272.md	aic-workflows	Claude Code documentation
08280.md	aic-workflows	Claude Code documentation
08281.md	aic-debugging	Claude Code documentation
08284.md	aic-testing	Claude Code documentation
08289.md	aic-benchmarks	Claude Code documentation
08291.md	aic-vibe-coding	Claude Code documentation
08292.md	aic-code-review	Claude Code documentation
08295.md	aic-full-stack	Claude Code documentation
08297.md	aic-workflows	Claude Code documentation
08298.md	aic-workflows	Claude Code documentation
08299.md	aic-tips	Claude Code documentation
08300.md	aic-workflows	Claude Code documentation
08301.md	aic-debugging	Claude Code documentation
08302.md	aic-workflows	Claude Code documentation
08308.md	aic-debugging	Claude Code documentation
08312.md	aic-rules-files	Claude Code documentation
08314.md	aic-pair-programming	Claude Code documentation
08319.md	aic-debugging	Claude Code documentation
08324.md	aic-workflows	Claude Code documentation
08329.md	aic-vibe-coding	Claude Code documentation
08331.md	aic-vibe-coding	Claude Code documentation
08333.md	aic-documentation	Claude Code documentation
08355.md	aic-vibe-coding	Claude Code documentation
08370.md	aic-vibe-coding	Claude Code documentation
08373.md	aic-tips	Claude Code documentation
08378.md	aic-workflows	Claude Code documentation
08386.md	aic-refactoring	Claude Code documentation
08393.md	aic-workflows	Claude Code documentation
08397.md	aic-rules-files	Claude Code documentation
08402.md	aic-pair-programming	Claude Code documentation
08410.md	aic-testing	Claude Code documentation
08412.md	aic-code-review	Claude Code documentation
08414.md	aic-code-review	Claude Code documentation
08422.md	aic-workflows	Claude Code documentation
08425.md	aic-rules-files	Claude Code documentation
08427.md	aic-pair-programming	Claude Code documentation
08431.md	aic-workflows	Claude Code documentation
08432.md	aic-vibe-coding	Claude Code documentation
08433.md	aic-tips	Claude Code documentation
08477.md	aic-workflows	Claude Code documentation
08503.md	aic-documentation	Claude Code documentation
08533.md	aic-tips	Claude Code documentation
08538.md	aic-workflows	Claude Code documentation
08584.md	aic-workflows	Claude Code documentation
08585.md	aic-testing	Claude Code documentation
08586.md	aic-documentation	Claude Code documentation
08590.md	aic-documentation	Claude Code documentation
08591.md	aic-documentation	Claude Code documentation
08594.md	aic-documentation	Claude Code documentation
08595.md	aic-documentation	Claude Code documentation
08596.md	aic-documentation	Claude Code documentation
08597.md	aic-documentation	Claude Code documentation
08598.md	aic-full-stack	Claude Code documentation
08599.md	aic-full-stack	Claude Code documentation
08600.md	aic-documentation	Claude Code documentation
08601.md	aic-documentation	Claude Code documentation
08603.md	aic-full-stack	Claude Code documentation
08605.md	aic-documentation	Claude Code documentation
08606.md	aic-documentation	Claude Code documentation
08612.md	aic-vibe-coding	Claude Code documentation
08614.md	aic-workflows	Claude Code documentation
08615.md	aic-documentation	Claude Code documentation
08616.md	aic-rules-files	Claude Code documentation
08618.md	aic-tips	Claude Code documentation
08623.md	aic-documentation	Claude Code documentation
08624.md	aic-documentation	Claude Code documentation
08628.md	aic-documentation	Claude Code documentation
08629.md	aic-tips	Claude Code documentation
08630.md	aic-tips	Claude Code documentation
08633.md	aic-documentation	Claude Code documentation
08634.md	aic-documentation	Claude Code documentation
08635.md	aic-pair-programming	Claude Code documentation
08636.md	aic-documentation	Claude Code documentation
08640.md	aic-documentation	Claude Code documentation
08641.md	aic-documentation	Claude Code documentation
08642.md	aic-pair-programming	Claude Code documentation
08643.md	aic-documentation	Claude Code documentation
08644.md	aic-vibe-coding	Claude Code documentation
08645.md	aic-tips	Claude Code documentation
08646.md	aic-rules-files	Claude Code documentation
08647.md	aic-tips	Claude Code documentation
08649.md	aic-workflows	Claude Code documentation
08651.md	aic-documentation	Claude Code documentation
08652.md	aic-documentation	Claude Code documentation
08653.md	aic-tips	Claude Code documentation
08670.md	aic-workflows	Claude Code documentation
08677.md	aic-vibe-coding	Claude Code documentation
08678.md	aic-workflows	Claude Code documentation
08701.md	aic-vibe-coding	Claude Code documentation
08707.md	aic-pair-programming	Claude Code documentation
08712.md	aic-vibe-coding	Claude Code documentation
08719.md	aic-full-stack	Claude Code documentation
08736.md	aic-refactoring	Claude Code documentation
08742.md	aic-tips	Claude Code documentation
08751.md	aic-workflows	Claude Code documentation
08752.md	aic-documentation	Claude Code documentation
08761.md	aic-workflows	Claude Code documentation
08764.md	aic-benchmarks	Claude Code documentation
08765.md	aic-workflows	Claude Code documentation
08768.md	aic-workflows	Claude Code documentation
08769.md	aic-vibe-coding	Claude Code documentation
08770.md	aic-full-stack	Claude Code documentation
08771.md	aic-debugging	Claude Code documentation
08772.md	aic-refactoring	Claude Code documentation
08774.md	aic-pair-programming	Claude Code documentation
08775.md	aic-vibe-coding	Claude Code documentation
08777.md	aic-workflows	Claude Code documentation
08778.md	aic-workflows	Claude Code documentation
08779.md	aic-refactoring	Claude Code documentation
08782.md	aic-pair-programming	Claude Code documentation
08786.md	aic-debugging	Claude Code documentation
08787.md	aic-vibe-coding	Claude Code documentation
08789.md	aic-workflows	Claude Code documentation
08790.md	aic-benchmarks	Claude Code documentation
08791.md	aic-workflows	Claude Code documentation
08792.md	aic-vibe-coding	Claude Code documentation
08802.md	aic-full-stack	Claude Code documentation
08805.md	aic-testing	Claude Code documentation
08812.md	aic-workflows	Claude Code documentation
08813.md	aic-workflows	Claude Code documentation
08824.md	aic-documentation	Claude Code documentation
08825.md	aic-workflows	Claude Code documentation
08827.md	aic-documentation	Claude Code documentation
08832.md	aic-workflows	Claude Code documentation
08833.md	aic-workflows	Claude Code documentation
08834.md	aic-workflows	Claude Code documentation
08836.md	aic-full-stack	Claude Code documentation
08839.md	aic-refactoring	Claude Code documentation
08841.md	aic-full-stack	Claude Code documentation
08868.md	aic-workflows	AI coding atom
08872.md	aic-workflows	AI coding atom
08882.md	aic-vibe-coding	Claude Code documentation
08909.md	aic-benchmarks	Claude Code documentation
08914.md	aic-workflows	Claude Code documentation
08923.md	aic-vibe-coding	Claude Code documentation
08937.md	aic-tips	Claude Code documentation
08944.md	aic-full-stack	Claude Code documentation
08945.md	aic-full-stack	Claude Code documentation
08946.md	aic-documentation	Claude Code documentation
08948.md	aic-vibe-coding	Claude Code documentation
08951.md	aic-documentation	Claude Code documentation
08953.md	aic-full-stack	Claude Code documentation
08958.md	aic-full-stack	Claude Code documentation
08959.md	aic-full-stack	Claude Code documentation
08967.md	aic-tips	Claude Code documentation
08974.md	aic-full-stack	Claude Code documentation
09636.md	aic-debugging	# Professor Answers Coding Questions | Tech Support | WIRED
09971.md	aic-debugging	# Use Local LLMs Already!
