old_path,old_name,new_name,new_path
/Users/home/Desktop/syncrescendence/SOURCES/raw/20250617-youtube_video-y_combinator-andrej_karpathy.md,20250617-youtube_video-y_combinator-andrej_karpathy.md,SOURCE-20250617-youtube-interview-yc-andrej_karpathy.md,/Users/home/Desktop/syncrescendence/SOURCES/raw/SOURCE-20250617-youtube-interview-yc-andrej_karpathy.md
/Users/home/Desktop/syncrescendence/SOURCES/raw/20250617-youtube_video-bilawal_sidhu-harvard_lecture.md,20250617-youtube_video-bilawal_sidhu-harvard_lecture.md,SOURCE-20250617-youtube-lecture-bilawal-harvard_lecture.md,/Users/home/Desktop/syncrescendence/SOURCES/raw/SOURCE-20250617-youtube-lecture-bilawal-harvard_lecture.md
/Users/home/Desktop/syncrescendence/SOURCES/raw/dwarkesh_sutton.md,dwarkesh_sutton.md,SOURCE-00000000-youtube-interview-dwarkesh_sutton-dwarkesh_sutton.md,/Users/home/Desktop/syncrescendence/SOURCES/raw/SOURCE-00000000-youtube-interview-dwarkesh_sutton-dwarkesh_sutton.md
/Users/home/Desktop/syncrescendence/SOURCES/raw/Untitled 6.md,Untitled 6.md,SOURCE-00000000-youtube-interview-untitled_6md-untitled_6.md,/Users/home/Desktop/syncrescendence/SOURCES/raw/SOURCE-00000000-youtube-interview-untitled_6md-untitled_6.md
/Users/home/Desktop/syncrescendence/SOURCES/raw/20250617-youtube_video-bilawal_sidhu-harvard_lecture.txt,20250617-youtube_video-bilawal_sidhu-harvard_lecture.txt,SOURCE-20250617-youtube-lecture-bilawal-harvard_lecture.txt,/Users/home/Desktop/syncrescendence/SOURCES/raw/SOURCE-20250617-youtube-lecture-bilawal-harvard_lecture.txt
/Users/home/Desktop/syncrescendence/SOURCES/raw/20250617-youtube_video-y_combinator-andrej_karpathy.txt,20250617-youtube_video-y_combinator-andrej_karpathy.txt,SOURCE-20250617-youtube-interview-yc-andrej_karpathy.txt,/Users/home/Desktop/syncrescendence/SOURCES/raw/SOURCE-20250617-youtube-interview-yc-andrej_karpathy.txt
/Users/home/Desktop/syncrescendence/SOURCES/raw/AGI/20251004-youtube_video-dwarkesh_patel-sutton_response.md,20251004-youtube_video-dwarkesh_patel-sutton_response.md,SOURCE-20251004-youtube-interview-dwarkesh-sutton_response.md,/Users/home/Desktop/syncrescendence/SOURCES/raw/SOURCE-20251004-youtube-interview-dwarkesh-sutton_response.md
/Users/home/Desktop/syncrescendence/SOURCES/raw/AGI/20250522-youtube_video-dwarkesh_patel-sholto_douglas_&_trenton_bricken.txt,20250522-youtube_video-dwarkesh_patel-sholto_douglas_&_trenton_bricken.txt,SOURCE-20250522-youtube-interview-dwarkesh-sholto_douglas__trenton_bricken.txt,/Users/home/Desktop/syncrescendence/SOURCES/raw/SOURCE-20250522-youtube-interview-dwarkesh-sholto_douglas__trenton_bricken.txt
/Users/home/Desktop/syncrescendence/SOURCES/raw/AGI/20250723-youtube_video-lex_fridman-demis_hassabis_475.txt,20250723-youtube_video-lex_fridman-demis_hassabis_475.txt,SOURCE-20250723-youtube-interview-lex-demis_hassabis_475.txt,/Users/home/Desktop/syncrescendence/SOURCES/raw/SOURCE-20250723-youtube-interview-lex-demis_hassabis_475.txt
/Users/home/Desktop/syncrescendence/SOURCES/raw/AGI/20250522-youtube_video-dwarkesh_patel-sholto_douglas_&_trenton_bricken.md,20250522-youtube_video-dwarkesh_patel-sholto_douglas_&_trenton_bricken.md,SOURCE-20250522-youtube-interview-dwarkesh-sholto_douglas__trenton_bricken.md,/Users/home/Desktop/syncrescendence/SOURCES/raw/SOURCE-20250522-youtube-interview-dwarkesh-sholto_douglas__trenton_bricken.md
/Users/home/Desktop/syncrescendence/SOURCES/raw/AGI/20250403-youtube_video-dwarkesh_patel-scott_alexander_&_daniel_kokotajlo.txt,20250403-youtube_video-dwarkesh_patel-scott_alexander_&_daniel_kokotajlo.txt,SOURCE-20250403-youtube-interview-dwarkesh-scott_alexander__daniel_kokotajlo.txt,/Users/home/Desktop/syncrescendence/SOURCES/raw/SOURCE-20250403-youtube-interview-dwarkesh-scott_alexander__daniel_kokotajlo.txt
/Users/home/Desktop/syncrescendence/SOURCES/raw/AGI/20250723-youtube_video-lex_fridman-demis_hassabis_475.md,20250723-youtube_video-lex_fridman-demis_hassabis_475.md,SOURCE-20250723-youtube-interview-lex-demis_hassabis_475.md,/Users/home/Desktop/syncrescendence/SOURCES/raw/SOURCE-20250723-youtube-interview-lex-demis_hassabis_475.md
/Users/home/Desktop/syncrescendence/SOURCES/raw/AGI/20251017-youtube_video-dwarkesh_patel-andrej_karpathy.txt,20251017-youtube_video-dwarkesh_patel-andrej_karpathy.txt,SOURCE-20251017-youtube-interview-dwarkesh-andrej_karpathy.txt,/Users/home/Desktop/syncrescendence/SOURCES/raw/SOURCE-20251017-youtube-interview-dwarkesh-andrej_karpathy.txt
/Users/home/Desktop/syncrescendence/SOURCES/raw/AGI/20250926-youtube_video-dwarkesh_patel-richard_sutton.md,20250926-youtube_video-dwarkesh_patel-richard_sutton.md,SOURCE-20250926-youtube-interview-dwarkesh-richard_sutton.md,/Users/home/Desktop/syncrescendence/SOURCES/raw/SOURCE-20250926-youtube-interview-dwarkesh-richard_sutton.md
/Users/home/Desktop/syncrescendence/SOURCES/raw/AGI/20250926-youtube_video-dwarkesh_patel-richard_sutton.txt,20250926-youtube_video-dwarkesh_patel-richard_sutton.txt,SOURCE-20250926-youtube-interview-dwarkesh-richard_sutton.txt,/Users/home/Desktop/syncrescendence/SOURCES/raw/SOURCE-20250926-youtube-interview-dwarkesh-richard_sutton.txt
/Users/home/Desktop/syncrescendence/SOURCES/raw/AGI/20251004-youtube_video-dwarkesh_patel-sutton_response.txt,20251004-youtube_video-dwarkesh_patel-sutton_response.txt,SOURCE-20251004-youtube-interview-dwarkesh-sutton_response.txt,/Users/home/Desktop/syncrescendence/SOURCES/raw/SOURCE-20251004-youtube-interview-dwarkesh-sutton_response.txt
/Users/home/Desktop/syncrescendence/SOURCES/raw/AGI/20251001-x_post-andrej_karpathy.md,20251001-x_post-andrej_karpathy.md,SOURCE-20251001-x-thread-20251001_x_post-andrej_karpathy.md,/Users/home/Desktop/syncrescendence/SOURCES/raw/SOURCE-20251001-x-thread-20251001_x_post-andrej_karpathy.md
/Users/home/Desktop/syncrescendence/SOURCES/raw/AGI/20250403-youtube_video-dwarkesh_patel-scott_alexander_&_daniel_kokotajlo.md,20250403-youtube_video-dwarkesh_patel-scott_alexander_&_daniel_kokotajlo.md,SOURCE-20250403-youtube-interview-dwarkesh-scott_alexander__daniel_kokotajlo.md,/Users/home/Desktop/syncrescendence/SOURCES/raw/SOURCE-20250403-youtube-interview-dwarkesh-scott_alexander__daniel_kokotajlo.md
/Users/home/Desktop/syncrescendence/SOURCES/raw/AGI/20251017-youtube_video-dwarkesh_patel-andrej_karpathy.md,20251017-youtube_video-dwarkesh_patel-andrej_karpathy.md,SOURCE-20251017-youtube-interview-dwarkesh-andrej_karpathy.md,/Users/home/Desktop/syncrescendence/SOURCES/raw/SOURCE-20251017-youtube-interview-dwarkesh-andrej_karpathy.md
/Users/home/Desktop/syncrescendence/SOURCES/raw/Anthropology/20250312-youtube_video-dwarkesh_patel-joseph_henrich.txt,20250312-youtube_video-dwarkesh_patel-joseph_henrich.txt,SOURCE-20250312-youtube-interview-dwarkesh-joseph_henrich.txt,/Users/home/Desktop/syncrescendence/SOURCES/raw/SOURCE-20250312-youtube-interview-dwarkesh-joseph_henrich.txt
/Users/home/Desktop/syncrescendence/SOURCES/raw/Anthropology/20250312-youtube_video-dwarkesh_patel-joseph_henrich.md,20250312-youtube_video-dwarkesh_patel-joseph_henrich.md,SOURCE-20250312-youtube-interview-dwarkesh-joseph_henrich.md,/Users/home/Desktop/syncrescendence/SOURCES/raw/SOURCE-20250312-youtube-interview-dwarkesh-joseph_henrich.md
/Users/home/Desktop/syncrescendence/SOURCES/raw/snapshot/consultanttt/tiff_in_tech/Top 10 Technical Skills That Will Matter Most in 2026.txt,Top 10 Technical Skills That Will Matter Most in 2026.txt,SOURCE-00000000-youtube-interview-top_10_technica-top_10_technical_skills_that_will_matter_most.txt,/Users/home/Desktop/syncrescendence/SOURCES/raw/SOURCE-00000000-youtube-interview-top_10_technica-top_10_technical_skills_that_will_matter_most.txt
/Users/home/Desktop/syncrescendence/SOURCES/raw/snapshot/consultanttt/bilawal_sidhu/20250207-youtube_video-bilawal_sidhu-vfx_ai_tools.txt,20250207-youtube_video-bilawal_sidhu-vfx_ai_tools.txt,SOURCE-20250207-youtube-interview-bilawal-vfx_ai_tools.txt,/Users/home/Desktop/syncrescendence/SOURCES/raw/SOURCE-20250207-youtube-interview-bilawal-vfx_ai_tools.txt
/Users/home/Desktop/syncrescendence/SOURCES/raw/snapshot/consultanttt/bilawal_sidhu/20250922 -youtube_video-bilawal_sidhu-vfx_workflow.txt,20250922 -youtube_video-bilawal_sidhu-vfx_workflow.txt,SOURCE-20250922-youtube-interview-bilawal-vfx_workflow.txt,/Users/home/Desktop/syncrescendence/SOURCES/raw/SOURCE-20250922-youtube-interview-bilawal-vfx_workflow.txt
/Users/home/Desktop/syncrescendence/SOURCES/raw/snapshot/consultanttt/bilawal_sidhu/20250829-youtube_video-bilawal_sidhu-harvard_lecture.txt,20250829-youtube_video-bilawal_sidhu-harvard_lecture.txt,SOURCE-20250829-youtube-lecture-bilawal-harvard_lecture.txt,/Users/home/Desktop/syncrescendence/SOURCES/raw/SOURCE-20250829-youtube-lecture-bilawal-harvard_lecture.txt
/Users/home/Desktop/syncrescendence/SOURCES/raw/snapshot/consultanttt/bilawal_sidhu/20250221-youtube_video-bilawal_sidhu-3d_vfx_ai_tools.txt,20250221-youtube_video-bilawal_sidhu-3d_vfx_ai_tools.txt,SOURCE-20250221-youtube-interview-bilawal-3d_vfx_ai_tools.txt,/Users/home/Desktop/syncrescendence/SOURCES/raw/SOURCE-20250221-youtube-interview-bilawal-3d_vfx_ai_tools.txt
/Users/home/Desktop/syncrescendence/SOURCES/raw/snapshot/consultanttt/bilawal_sidhu/20250820-youtube_video-bilawal_sidhu-world_model.txt,20250820-youtube_video-bilawal_sidhu-world_model.txt,SOURCE-20250820-youtube-interview-bilawal-world_model.txt,/Users/home/Desktop/syncrescendence/SOURCES/raw/SOURCE-20250820-youtube-interview-bilawal-world_model.txt
/Users/home/Desktop/syncrescendence/SOURCES/raw/snapshot/consultanttt/bilawal_sidhu/20251024-youtube_video-bilawal_sidhu-ian_dawson.txt,20251024-youtube_video-bilawal_sidhu-ian_dawson.txt,SOURCE-20251024-youtube-interview-bilawal-ian_dawson.txt,/Users/home/Desktop/syncrescendence/SOURCES/raw/SOURCE-20251024-youtube-interview-bilawal-ian_dawson.txt
/Users/home/Desktop/syncrescendence/SOURCES/raw/snapshot/consultanttt/marina_wyss/10 Papers Every Future AI Engineer Must Read.txt,10 Papers Every Future AI Engineer Must Read.txt,SOURCE-00000000-youtube-interview-10_papers_every-10_papers_every_future_ai_engineer_must_read.txt,/Users/home/Desktop/syncrescendence/SOURCES/raw/SOURCE-00000000-youtube-interview-10_papers_every-10_papers_every_future_ai_engineer_must_read.txt
/Users/home/Desktop/syncrescendence/SOURCES/raw/snapshot/panelists /all_in/20251024-youtube_video-all_in.txt,20251024-youtube_video-all_in.txt,SOURCE-20251024-youtube-panel-allin-content.txt,/Users/home/Desktop/syncrescendence/SOURCES/raw/SOURCE-20251024-youtube-panel-allin-content.txt
/Users/home/Desktop/syncrescendence/SOURCES/raw/snapshot/regular/pundit/hans_nelson/20251022-youtube_video-hans_nelson-ticker_symbol_you.txt,20251022-youtube_video-hans_nelson-ticker_symbol_you.txt,SOURCE-20251022-youtube-interview-20251022_youtub-hans_nelson_ticker_symbol_you.txt,/Users/home/Desktop/syncrescendence/SOURCES/raw/SOURCE-20251022-youtube-interview-20251022_youtub-hans_nelson_ticker_symbol_you.txt
/Users/home/Desktop/syncrescendence/SOURCES/raw/snapshot/regular/analyst/ark_invest/20251023-youtube_video-ark_invest-brainstorn_106.txt,20251023-youtube_video-ark_invest-brainstorn_106.txt,SOURCE-20251023-youtube-interview-ark-brainstorn_106.txt,/Users/home/Desktop/syncrescendence/SOURCES/raw/SOURCE-20251023-youtube-interview-ark-brainstorn_106.txt
/Users/home/Desktop/syncrescendence/SOURCES/raw/snapshot/regular/counselor/dr_k/What Nobody Knows About ADHD and S*x.txt,What Nobody Knows About ADHD and S*x.txt,SOURCE-00000000-youtube-interview-what_nobody_kno-what_nobody_knows_about_adhd_and_sx.txt,/Users/home/Desktop/syncrescendence/SOURCES/raw/SOURCE-00000000-youtube-interview-what_nobody_kno-what_nobody_knows_about_adhd_and_sx.txt
/Users/home/Desktop/syncrescendence/SOURCES/raw/snapshot/regular/sam_witteveen/Claude Skills - SOPs For Agents.txt,Claude Skills - SOPs For Agents.txt,SOURCE-00000000-youtube-interview-claude_skills-claude_skills_sops_for_agents.txt,/Users/home/Desktop/syncrescendence/SOURCES/raw/SOURCE-00000000-youtube-interview-claude_skills-claude_skills_sops_for_agents.txt
/Users/home/Desktop/syncrescendence/SOURCES/raw/snapshot/regular/aggregator/ai_search/20251025-youtube_video-ai_search.txt,20251025-youtube_video-ai_search.txt,SOURCE-20251025-youtube-interview-20251025_youtub-ai_search.txt,/Users/home/Desktop/syncrescendence/SOURCES/raw/SOURCE-20251025-youtube-interview-20251025_youtub-ai_search.txt
/Users/home/Desktop/syncrescendence/SOURCES/raw/snapshot/regular/curator/ai_papers_acacdemy/ Tiny Recursive Model (TRM) Paper Explained.txt, Tiny Recursive Model (TRM) Paper Explained.txt,SOURCE-00000000-youtube-interview-tiny_recursive-tiny_recursive_model_trm_paper_explained.txt,/Users/home/Desktop/syncrescendence/SOURCES/raw/SOURCE-00000000-youtube-interview-tiny_recursive-tiny_recursive_model_trm_paper_explained.txt
/Users/home/Desktop/syncrescendence/SOURCES/raw/snapshot/regular/consultantt/d_squared/The Internet Is About to Change Forever (and nobody even realises).txt,The Internet Is About to Change Forever (and nobody even realises).txt,SOURCE-00000000-youtube-interview-the_internet_is-the_internet_is_about_to_change_forever_and_n.txt,/Users/home/Desktop/syncrescendence/SOURCES/raw/SOURCE-00000000-youtube-interview-the_internet_is-the_internet_is_about_to_change_forever_and_n.txt
/Users/home/Desktop/syncrescendence/SOURCES/raw/snapshot/regular/panelists/moonshots/20251020-youtube_video-moonshots_202.txt,20251020-youtube_video-moonshots_202.txt,SOURCE-20251020-youtube-panel-moonshots-202.txt,/Users/home/Desktop/syncrescendence/SOURCES/raw/SOURCE-20251020-youtube-panel-moonshots-202.txt
/Users/home/Desktop/syncrescendence/SOURCES/raw/snapshot/regular/panelists/moonshots/20251027-youtube_video-moonshots.txt,20251027-youtube_video-moonshots.txt,SOURCE-20251027-youtube-panel-moonshots-content.txt,/Users/home/Desktop/syncrescendence/SOURCES/raw/SOURCE-20251027-youtube-panel-moonshots-content.txt
/Users/home/Desktop/syncrescendence/SOURCES/raw/snapshot/regular/explainer/caleb_writes_code/DeepSeek-OCR Explained.md,DeepSeek-OCR Explained.md,SOURCE-00000000-youtube-interview-deepseek_ocr_ex-deepseek_ocr_explained.md,/Users/home/Desktop/syncrescendence/SOURCES/raw/SOURCE-00000000-youtube-interview-deepseek_ocr_ex-deepseek_ocr_explained.md
"/Users/home/Desktop/syncrescendence/SOURCES/raw/snapshot/regular/explainer/caleb_writes_code/OK Computer, Kimi.txt","OK Computer, Kimi.txt",SOURCE-00000000-youtube-interview-ok_computer_kim-ok_computer_kimi.txt,/Users/home/Desktop/syncrescendence/SOURCES/raw/SOURCE-00000000-youtube-interview-ok_computer_kim-ok_computer_kimi.txt
/Users/home/Desktop/syncrescendence/SOURCES/raw/snapshot/regular/explainer/two_minute_papers/NVIDIA’s New AI’s Movements Are So Real It’s Uncanny.txt,NVIDIA’s New AI’s Movements Are So Real It’s Uncanny.txt,SOURCE-00000000-youtube-interview-nvidia-s_new_ais_movements_are_so_real_its_uncanny.txt,/Users/home/Desktop/syncrescendence/SOURCES/raw/SOURCE-00000000-youtube-interview-nvidia-s_new_ais_movements_are_so_real_its_uncanny.txt
/Users/home/Desktop/syncrescendence/SOURCES/raw/snapshot/regular/editorialist/wes_roth/ Deepseek just killed LLMs.txt, Deepseek just killed LLMs.txt,SOURCE-00000000-youtube-interview-deepseek_just_k-deepseek_just_killed_llms.txt,/Users/home/Desktop/syncrescendence/SOURCES/raw/SOURCE-00000000-youtube-interview-deepseek_just_k-deepseek_just_killed_llms.txt
/Users/home/Desktop/syncrescendence/SOURCES/raw/snapshot/regular/editorialist/matthew_berman/24 NEW Things You Should Be Using AI For.txt,24 NEW Things You Should Be Using AI For.txt,SOURCE-00000000-youtube-interview-mberman-24_new_things_you_should_be_using_ai_for.txt,/Users/home/Desktop/syncrescendence/SOURCES/raw/SOURCE-00000000-youtube-interview-mberman-24_new_things_you_should_be_using_ai_for.txt
/Users/home/Desktop/syncrescendence/SOURCES/raw/snapshot/regular/editorialist/matthew_berman/Inside Cerebras's Insane NEW Data Center (Fastest in the World).txt,Inside Cerebras's Insane NEW Data Center (Fastest in the World).txt,SOURCE-00000000-youtube-interview-mberman-inside_cerebrass_insane_new_data_center_faste.txt,/Users/home/Desktop/syncrescendence/SOURCES/raw/SOURCE-00000000-youtube-interview-mberman-inside_cerebrass_insane_new_data_center_faste.txt
/Users/home/Desktop/syncrescendence/SOURCES/raw/snapshot/presenter /ai_for_humans/20251024-youtube_video-ai_for_humans.txt,20251024-youtube_video-ai_for_humans.txt,SOURCE-20251024-youtube-interview-ai4humans-content.txt,/Users/home/Desktop/syncrescendence/SOURCES/raw/SOURCE-20251024-youtube-interview-ai4humans-content.txt
/Users/home/Desktop/syncrescendence/SOURCES/raw/transcripts/20251031-youtube_video-no_priors-the_best_of_2025_(so_far)_138.md,20251031-youtube_video-no_priors-the_best_of_2025_(so_far)_138.md,SOURCE-20251031-youtube-interview-nopriors-the_best_of_2025_so_far_138.md,/Users/home/Desktop/syncrescendence/SOURCES/raw/SOURCE-20251031-youtube-interview-nopriors-the_best_of_2025_so_far_138.md
/Users/home/Desktop/syncrescendence/SOURCES/raw/transcripts/20251031-youtube_video-bilwal_sidhu-john_gaeta.md,20251031-youtube_video-bilwal_sidhu-john_gaeta.md,SOURCE-20251031-youtube-interview-bilawal-john_gaeta.md,/Users/home/Desktop/syncrescendence/SOURCES/raw/SOURCE-20251031-youtube-interview-bilawal-john_gaeta.md
/Users/home/Desktop/syncrescendence/SOURCES/raw/transcripts/20251031-youtube_video-a16z-ben_horowitz_&_marc_andreessens.txt,20251031-youtube_video-a16z-ben_horowitz_&_marc_andreessens.txt,SOURCE-20251031-youtube-interview-a16z-ben_horowitz__marc_andreessens.txt,/Users/home/Desktop/syncrescendence/SOURCES/raw/SOURCE-20251031-youtube-interview-a16z-ben_horowitz__marc_andreessens.txt
/Users/home/Desktop/syncrescendence/SOURCES/raw/transcripts/20250623-youtube_video-brainmind-blaise_aguera_y_arcas.txt,20250623-youtube_video-brainmind-blaise_aguera_y_arcas.txt,SOURCE-20250623-youtube-interview-brainmind-blaise_aguera_y_arcas.txt,/Users/home/Desktop/syncrescendence/SOURCES/raw/SOURCE-20250623-youtube-interview-brainmind-blaise_aguera_y_arcas.txt
/Users/home/Desktop/syncrescendence/SOURCES/raw/transcripts/20251101-youtube_video-david_shapiro-renaissance_2_0.txt,20251101-youtube_video-david_shapiro-renaissance_2_0.txt,SOURCE-20251101-youtube-interview-dshapiro-renaissance_2_0.txt,/Users/home/Desktop/syncrescendence/SOURCES/raw/SOURCE-20251101-youtube-interview-dshapiro-renaissance_2_0.txt
/Users/home/Desktop/syncrescendence/SOURCES/raw/transcripts/20251021-youtube_video-relentless-saurav_shroff.txt,20251021-youtube_video-relentless-saurav_shroff.txt,SOURCE-20251021-youtube-interview-relentless-saurav_shroff.txt,/Users/home/Desktop/syncrescendence/SOURCES/raw/SOURCE-20251021-youtube-interview-relentless-saurav_shroff.txt
/Users/home/Desktop/syncrescendence/SOURCES/raw/transcripts/20251030-youtube_video-moonshots-anatoly_yakovenko_204.txt,20251030-youtube_video-moonshots-anatoly_yakovenko_204.txt,SOURCE-20251030-youtube-interview-moonshots-anatoly_yakovenko_204.txt,/Users/home/Desktop/syncrescendence/SOURCES/raw/SOURCE-20251030-youtube-interview-moonshots-anatoly_yakovenko_204.txt
/Users/home/Desktop/syncrescendence/SOURCES/raw/transcripts/20251031-youtube_video-all_in-elon_musk.md,20251031-youtube_video-all_in-elon_musk.md,SOURCE-20251031-youtube-interview-allin-elon_musk.md,/Users/home/Desktop/syncrescendence/SOURCES/raw/SOURCE-20251031-youtube-interview-allin-elon_musk.md
/Users/home/Desktop/syncrescendence/SOURCES/raw/transcripts/20251030-youtube_video-sanity-everything-sean_grove.md,20251030-youtube_video-sanity-everything-sean_grove.md,SOURCE-20251030-youtube-interview-sanity-everything_sean_grove.md,/Users/home/Desktop/syncrescendence/SOURCES/raw/SOURCE-20251030-youtube-interview-sanity-everything_sean_grove.md
/Users/home/Desktop/syncrescendence/SOURCES/raw/transcripts/20250623-youtube_video-brainmind-blaise_aguera_y_arcas.md,20250623-youtube_video-brainmind-blaise_aguera_y_arcas.md,SOURCE-20250623-youtube-interview-brainmind-blaise_aguera_y_arcas.md,/Users/home/Desktop/syncrescendence/SOURCES/raw/SOURCE-20250623-youtube-interview-brainmind-blaise_aguera_y_arcas.md
/Users/home/Desktop/syncrescendence/SOURCES/raw/transcripts/20251101-youtube_video-david_shapiro-renaissance_2_0.md,20251101-youtube_video-david_shapiro-renaissance_2_0.md,SOURCE-20251101-youtube-interview-dshapiro-renaissance_2_0.md,/Users/home/Desktop/syncrescendence/SOURCES/raw/SOURCE-20251101-youtube-interview-dshapiro-renaissance_2_0.md
/Users/home/Desktop/syncrescendence/SOURCES/raw/transcripts/20250807-youtube_video-tedxcatawba-blaise_aguera_y_arcas.md,20250807-youtube_video-tedxcatawba-blaise_aguera_y_arcas.md,SOURCE-20250807-youtube-interview-tedx-blaise_aguera_y_arcas.md,/Users/home/Desktop/syncrescendence/SOURCES/raw/SOURCE-20250807-youtube-interview-tedx-blaise_aguera_y_arcas.md
/Users/home/Desktop/syncrescendence/SOURCES/raw/transcripts/20250903-youtube_video-curt_jaimungal-max_tegmark.md,20250903-youtube_video-curt_jaimungal-max_tegmark.md,SOURCE-20250903-youtube-interview-tow-max_tegmark.md,/Users/home/Desktop/syncrescendence/SOURCES/raw/SOURCE-20250903-youtube-interview-tow-max_tegmark.md
/Users/home/Desktop/syncrescendence/SOURCES/raw/transcripts/20251021-youtube_video-tbpn-bryan_johnson.md,20251021-youtube_video-tbpn-bryan_johnson.md,SOURCE-20251021-youtube-interview-tbpn-bryan_johnson.md,/Users/home/Desktop/syncrescendence/SOURCES/raw/SOURCE-20251021-youtube-interview-tbpn-bryan_johnson.md
/Users/home/Desktop/syncrescendence/SOURCES/raw/transcripts/20251020-youtube_video-info_tech_research_group-ben_goertzel.txt,20251020-youtube_video-info_tech_research_group-ben_goertzel.txt,SOURCE-20251020-youtube-interview-itrg-ben_goertzel.txt,/Users/home/Desktop/syncrescendence/SOURCES/raw/SOURCE-20251020-youtube-interview-itrg-ben_goertzel.txt
/Users/home/Desktop/syncrescendence/SOURCES/raw/transcripts/20251029-youtube_video-openai-sam_jakub_and_wojciec.txt,20251029-youtube_video-openai-sam_jakub_and_wojciec.txt,SOURCE-20251029-youtube-interview-openai-sam_jakub_and_wojciec.txt,/Users/home/Desktop/syncrescendence/SOURCES/raw/SOURCE-20251029-youtube-interview-openai-sam_jakub_and_wojciec.txt
/Users/home/Desktop/syncrescendence/SOURCES/raw/transcripts/20251027-youtube_video-david_carbutt-cathie_wood.md,20251027-youtube_video-david_carbutt-cathie_wood.md,SOURCE-20251027-youtube-interview-carbutt-cathie_wood.md,/Users/home/Desktop/syncrescendence/SOURCES/raw/SOURCE-20251027-youtube-interview-carbutt-cathie_wood.md
/Users/home/Desktop/syncrescendence/SOURCES/raw/transcripts/20251030-youtube_video-ai_explained-the_end_of_ai.md,20251030-youtube_video-ai_explained-the_end_of_ai.md,SOURCE-20251030-youtube-interview-aiexp-the_end_of_ai.md,/Users/home/Desktop/syncrescendence/SOURCES/raw/SOURCE-20251030-youtube-interview-aiexp-the_end_of_ai.md
/Users/home/Desktop/syncrescendence/SOURCES/raw/transcripts/20251027-youtube_video-all_in-john_martinis.txt,20251027-youtube_video-all_in-john_martinis.txt,SOURCE-20251027-youtube-interview-allin-john_martinis.txt,/Users/home/Desktop/syncrescendence/SOURCES/raw/SOURCE-20251027-youtube-interview-allin-john_martinis.txt
/Users/home/Desktop/syncrescendence/SOURCES/raw/transcripts/20251031-youtube_video-david_shapiro-post_labor_enterprise.md,20251031-youtube_video-david_shapiro-post_labor_enterprise.md,SOURCE-20251031-youtube-interview-dshapiro-post_labor_enterprise.md,/Users/home/Desktop/syncrescendence/SOURCES/raw/SOURCE-20251031-youtube-interview-dshapiro-post_labor_enterprise.md
/Users/home/Desktop/syncrescendence/SOURCES/raw/transcripts/20251030-youtube_video-sanity-everything-sean_grove.txt,20251030-youtube_video-sanity-everything-sean_grove.txt,SOURCE-20251030-youtube-interview-sanity-everything_sean_grove.txt,/Users/home/Desktop/syncrescendence/SOURCES/raw/SOURCE-20251030-youtube-interview-sanity-everything_sean_grove.txt
/Users/home/Desktop/syncrescendence/SOURCES/raw/transcripts/20250516-youtube_video-sana-strange_loop-claire_l_evans.txt,20250516-youtube_video-sana-strange_loop-claire_l_evans.txt,SOURCE-20250516-youtube-interview-strangeloop-claire_l_evans.txt,/Users/home/Desktop/syncrescendence/SOURCES/raw/SOURCE-20250516-youtube-interview-strangeloop-claire_l_evans.txt
/Users/home/Desktop/syncrescendence/SOURCES/raw/transcripts/20251027-youtube_video-moonshots-chatgpt_atlas.md,20251027-youtube_video-moonshots-chatgpt_atlas.md,SOURCE-20251027-youtube-interview-moonshots-chatgpt_atlas.md,/Users/home/Desktop/syncrescendence/SOURCES/raw/SOURCE-20251027-youtube-interview-moonshots-chatgpt_atlas.md
/Users/home/Desktop/syncrescendence/SOURCES/raw/transcripts/20250605-youtube_video-sana-strange_loop-ethan_mollick.md,20250605-youtube_video-sana-strange_loop-ethan_mollick.md,SOURCE-20250605-youtube-interview-strangeloop-ethan_mollick.md,/Users/home/Desktop/syncrescendence/SOURCES/raw/SOURCE-20250605-youtube-interview-strangeloop-ethan_mollick.md
/Users/home/Desktop/syncrescendence/SOURCES/raw/transcripts/20251027-youtube_video-all_in-john_martinis.md,20251027-youtube_video-all_in-john_martinis.md,SOURCE-20251027-youtube-interview-allin-john_martinis.md,/Users/home/Desktop/syncrescendence/SOURCES/raw/SOURCE-20251027-youtube-interview-allin-john_martinis.md
/Users/home/Desktop/syncrescendence/SOURCES/raw/transcripts/20251021-youtube_video-relentless-justin_fiaschetti.txt,20251021-youtube_video-relentless-justin_fiaschetti.txt,SOURCE-20251021-youtube-interview-relentless-justin_fiaschetti.txt,/Users/home/Desktop/syncrescendence/SOURCES/raw/SOURCE-20251021-youtube-interview-relentless-justin_fiaschetti.txt
/Users/home/Desktop/syncrescendence/SOURCES/raw/transcripts/20250624-youtube_video-dalibor_petrovic-david_shapiro.txt,20250624-youtube_video-dalibor_petrovic-david_shapiro.txt,SOURCE-20250624-youtube-interview-dshapiro-content.txt,/Users/home/Desktop/syncrescendence/SOURCES/raw/SOURCE-20250624-youtube-interview-dshapiro-content.txt
/Users/home/Desktop/syncrescendence/SOURCES/raw/transcripts/20251031-youtube_video-joe_rogan_experience-elon_musk-2404.txt,20251031-youtube_video-joe_rogan_experience-elon_musk-2404.txt,SOURCE-20251031-youtube-interview-jre-experience_elon_musk_2404.txt,/Users/home/Desktop/syncrescendence/SOURCES/raw/SOURCE-20251031-youtube-interview-jre-experience_elon_musk_2404.txt
/Users/home/Desktop/syncrescendence/SOURCES/raw/transcripts/20251014-youtube_video-citadel_securities-jensen_huang.txt,20251014-youtube_video-citadel_securities-jensen_huang.txt,SOURCE-20251014-youtube-interview-citadel-jensen_huang.txt,/Users/home/Desktop/syncrescendence/SOURCES/raw/SOURCE-20251014-youtube-interview-citadel-jensen_huang.txt
/Users/home/Desktop/syncrescendence/SOURCES/raw/transcripts/20251014-youtube_video-andre_duqun_donald_hoffman.md,20251014-youtube_video-andre_duqun_donald_hoffman.md,SOURCE-20251014-youtube-interview-duqun-donald_hoffman.md,/Users/home/Desktop/syncrescendence/SOURCES/raw/SOURCE-20251014-youtube-interview-duqun-donald_hoffman.md
/Users/home/Desktop/syncrescendence/SOURCES/raw/transcripts/20251031-youtube_video-extropic-trevor_mccourt_cto.md,20251031-youtube_video-extropic-trevor_mccourt_cto.md,SOURCE-20251031-youtube-interview-extropic-trevor_mccourt_cto.md,/Users/home/Desktop/syncrescendence/SOURCES/raw/SOURCE-20251031-youtube-interview-extropic-trevor_mccourt_cto.md
/Users/home/Desktop/syncrescendence/SOURCES/raw/transcripts/20251030-youtube_video-ai_explained-the_end_of_ai.txt,20251030-youtube_video-ai_explained-the_end_of_ai.txt,SOURCE-20251030-youtube-interview-aiexp-the_end_of_ai.txt,/Users/home/Desktop/syncrescendence/SOURCES/raw/SOURCE-20251030-youtube-interview-aiexp-the_end_of_ai.txt
/Users/home/Desktop/syncrescendence/SOURCES/raw/transcripts/20250903-youtube_video-curt_jaimungal-max_tegmark.txt,20250903-youtube_video-curt_jaimungal-max_tegmark.txt,SOURCE-20250903-youtube-interview-tow-max_tegmark.txt,/Users/home/Desktop/syncrescendence/SOURCES/raw/SOURCE-20250903-youtube-interview-tow-max_tegmark.txt
/Users/home/Desktop/syncrescendence/SOURCES/raw/transcripts/20250624-youtube_video-dalibor_petrovic-david_shapiro.md,20250624-youtube_video-dalibor_petrovic-david_shapiro.md,SOURCE-20250624-youtube-interview-dshapiro-content.md,/Users/home/Desktop/syncrescendence/SOURCES/raw/SOURCE-20250624-youtube-interview-dshapiro-content.md
/Users/home/Desktop/syncrescendence/SOURCES/raw/transcripts/20251031-youtube_video-all_in-elon_musk.txt,20251031-youtube_video-all_in-elon_musk.txt,SOURCE-20251031-youtube-interview-allin-elon_musk.txt,/Users/home/Desktop/syncrescendence/SOURCES/raw/SOURCE-20251031-youtube-interview-allin-elon_musk.txt
/Users/home/Desktop/syncrescendence/SOURCES/raw/transcripts/20251031-youtube_video-bilwal_sidhu-john_gaeta.txt,20251031-youtube_video-bilwal_sidhu-john_gaeta.txt,SOURCE-20251031-youtube-interview-bilawal-john_gaeta.txt,/Users/home/Desktop/syncrescendence/SOURCES/raw/SOURCE-20251031-youtube-interview-bilawal-john_gaeta.txt
/Users/home/Desktop/syncrescendence/SOURCES/raw/transcripts/20251030-youtube_video-moonshots-anatoly_yakovenko_204.md,20251030-youtube_video-moonshots-anatoly_yakovenko_204.md,SOURCE-20251030-youtube-interview-moonshots-anatoly_yakovenko_204.md,/Users/home/Desktop/syncrescendence/SOURCES/raw/SOURCE-20251030-youtube-interview-moonshots-anatoly_yakovenko_204.md
/Users/home/Desktop/syncrescendence/SOURCES/raw/transcripts/20251014-youtube_video-andre_duqun_donald_hoffman.txt,20251014-youtube_video-andre_duqun_donald_hoffman.txt,SOURCE-20251014-youtube-interview-duqun-donald_hoffman.txt,/Users/home/Desktop/syncrescendence/SOURCES/raw/SOURCE-20251014-youtube-interview-duqun-donald_hoffman.txt
/Users/home/Desktop/syncrescendence/SOURCES/raw/transcripts/20251021-youtube_video-relentless-saurav_shroff.md,20251021-youtube_video-relentless-saurav_shroff.md,SOURCE-20251021-youtube-interview-relentless-saurav_shroff.md,/Users/home/Desktop/syncrescendence/SOURCES/raw/SOURCE-20251021-youtube-interview-relentless-saurav_shroff.md
/Users/home/Desktop/syncrescendence/SOURCES/raw/transcripts/20251031-youtube_video-extropic-trevor_mccourt_cto.txt,20251031-youtube_video-extropic-trevor_mccourt_cto.txt,SOURCE-20251031-youtube-interview-extropic-trevor_mccourt_cto.txt,/Users/home/Desktop/syncrescendence/SOURCES/raw/SOURCE-20251031-youtube-interview-extropic-trevor_mccourt_cto.txt
/Users/home/Desktop/syncrescendence/SOURCES/raw/transcripts/20250902-youtube_video-sana-strange_loop-david_deustch.txt,20250902-youtube_video-sana-strange_loop-david_deustch.txt,SOURCE-20250902-youtube-interview-strangeloop-david_deustch.txt,/Users/home/Desktop/syncrescendence/SOURCES/raw/SOURCE-20250902-youtube-interview-strangeloop-david_deustch.txt
/Users/home/Desktop/syncrescendence/SOURCES/raw/transcripts/20251029-youtube_video-mathew_berman-sam_altman_reveals_exact_date_of_intelligence_explosion.md,20251029-youtube_video-mathew_berman-sam_altman_reveals_exact_date_of_intelligence_explosion.md,SOURCE-20251029-youtube-interview-mberman-sam_altman_reveals_exact_date_of_intelligence.md,/Users/home/Desktop/syncrescendence/SOURCES/raw/SOURCE-20251029-youtube-interview-mberman-sam_altman_reveals_exact_date_of_intelligence.md
/Users/home/Desktop/syncrescendence/SOURCES/raw/transcripts/20251020-youtube_video-big_think-peter_leyden.md,20251020-youtube_video-big_think-peter_leyden.md,SOURCE-20251020-youtube-interview-bigthink-peter_leyden.md,/Users/home/Desktop/syncrescendence/SOURCES/raw/SOURCE-20251020-youtube-interview-bigthink-peter_leyden.md
/Users/home/Desktop/syncrescendence/SOURCES/raw/transcripts/20250605-youtube_video-sana-strange_loop-ethan_mollick.txt,20250605-youtube_video-sana-strange_loop-ethan_mollick.txt,SOURCE-20250605-youtube-interview-strangeloop-ethan_mollick.txt,/Users/home/Desktop/syncrescendence/SOURCES/raw/SOURCE-20250605-youtube-interview-strangeloop-ethan_mollick.txt
/Users/home/Desktop/syncrescendence/SOURCES/raw/transcripts/20251031-youtube_video-david_shapiro-post_labor_enterprise.txt,20251031-youtube_video-david_shapiro-post_labor_enterprise.txt,SOURCE-20251031-youtube-interview-dshapiro-post_labor_enterprise.txt,/Users/home/Desktop/syncrescendence/SOURCES/raw/SOURCE-20251031-youtube-interview-dshapiro-post_labor_enterprise.txt
/Users/home/Desktop/syncrescendence/SOURCES/raw/transcripts/20251028-youtube_video-nvidia-gtc_washington_dc_keynote.txt,20251028-youtube_video-nvidia-gtc_washington_dc_keynote.txt,SOURCE-20251028-youtube-lecture-nvidia-gtc_washington_dc_keynote.txt,/Users/home/Desktop/syncrescendence/SOURCES/raw/SOURCE-20251028-youtube-lecture-nvidia-gtc_washington_dc_keynote.txt
/Users/home/Desktop/syncrescendence/SOURCES/raw/transcripts/20250807-youtube_video-tedxcatawba-blaise_aguera_y_arcas.txt,20250807-youtube_video-tedxcatawba-blaise_aguera_y_arcas.txt,SOURCE-20250807-youtube-interview-tedx-blaise_aguera_y_arcas.txt,/Users/home/Desktop/syncrescendence/SOURCES/raw/SOURCE-20250807-youtube-interview-tedx-blaise_aguera_y_arcas.txt
/Users/home/Desktop/syncrescendence/SOURCES/raw/transcripts/20250902-youtube_video-sana-strange_loop-david_deustch.md,20250902-youtube_video-sana-strange_loop-david_deustch.md,SOURCE-20250902-youtube-interview-strangeloop-david_deustch.md,/Users/home/Desktop/syncrescendence/SOURCES/raw/SOURCE-20250902-youtube-interview-strangeloop-david_deustch.md
/Users/home/Desktop/syncrescendence/SOURCES/raw/transcripts/20251029-youtube_video-openai-sam_jakub_and_wojciec.md,20251029-youtube_video-openai-sam_jakub_and_wojciec.md,SOURCE-20251029-youtube-interview-openai-sam_jakub_and_wojciec.md,/Users/home/Desktop/syncrescendence/SOURCES/raw/SOURCE-20251029-youtube-interview-openai-sam_jakub_and_wojciec.md
/Users/home/Desktop/syncrescendence/SOURCES/raw/transcripts/20251031-youtube_video-no_priors-the_best_of_2025_(so_far)_138.txt,20251031-youtube_video-no_priors-the_best_of_2025_(so_far)_138.txt,SOURCE-20251031-youtube-interview-nopriors-the_best_of_2025_so_far_138.txt,/Users/home/Desktop/syncrescendence/SOURCES/raw/SOURCE-20251031-youtube-interview-nopriors-the_best_of_2025_so_far_138.txt
/Users/home/Desktop/syncrescendence/SOURCES/raw/transcripts/20251028-youtube_video-nvidia-gtc_washington_dc_keynote.md,20251028-youtube_video-nvidia-gtc_washington_dc_keynote.md,SOURCE-20251028-youtube-lecture-nvidia-gtc_washington_dc_keynote.md,/Users/home/Desktop/syncrescendence/SOURCES/raw/SOURCE-20251028-youtube-lecture-nvidia-gtc_washington_dc_keynote.md
/Users/home/Desktop/syncrescendence/SOURCES/raw/transcripts/20251031-youtube_video-joe_rogan_experience-elon_musk-2404.md,20251031-youtube_video-joe_rogan_experience-elon_musk-2404.md,SOURCE-20251031-youtube-interview-jre-experience_elon_musk_2404.md,/Users/home/Desktop/syncrescendence/SOURCES/raw/SOURCE-20251031-youtube-interview-jre-experience_elon_musk_2404.md
/Users/home/Desktop/syncrescendence/SOURCES/raw/transcripts/20251020-youtube_video-info_tech_research_group-ben_goertzel.md,20251020-youtube_video-info_tech_research_group-ben_goertzel.md,SOURCE-20251020-youtube-interview-itrg-ben_goertzel.md,/Users/home/Desktop/syncrescendence/SOURCES/raw/SOURCE-20251020-youtube-interview-itrg-ben_goertzel.md
/Users/home/Desktop/syncrescendence/SOURCES/raw/transcripts/20251027-youtube_video-moonshots-chatgpt_atlas.txt,20251027-youtube_video-moonshots-chatgpt_atlas.txt,SOURCE-20251027-youtube-interview-moonshots-chatgpt_atlas.txt,/Users/home/Desktop/syncrescendence/SOURCES/raw/SOURCE-20251027-youtube-interview-moonshots-chatgpt_atlas.txt
/Users/home/Desktop/syncrescendence/SOURCES/raw/transcripts/20251031-youtube_video-a16z-ben_horowitz_&_marc_andreessens.md,20251031-youtube_video-a16z-ben_horowitz_&_marc_andreessens.md,SOURCE-20251031-youtube-interview-a16z-ben_horowitz__marc_andreessens.md,/Users/home/Desktop/syncrescendence/SOURCES/raw/SOURCE-20251031-youtube-interview-a16z-ben_horowitz__marc_andreessens.md
/Users/home/Desktop/syncrescendence/SOURCES/raw/transcripts/20250516-youtube_video-sana-strange_loop-claire_l_evans.md,20250516-youtube_video-sana-strange_loop-claire_l_evans.md,SOURCE-20250516-youtube-interview-strangeloop-claire_l_evans.md,/Users/home/Desktop/syncrescendence/SOURCES/raw/SOURCE-20250516-youtube-interview-strangeloop-claire_l_evans.md
/Users/home/Desktop/syncrescendence/SOURCES/raw/transcripts/20251029-youtube_video-mathew_berman-sam_altman_reveals_exact_date_of_intelligence_explosion.txt,20251029-youtube_video-mathew_berman-sam_altman_reveals_exact_date_of_intelligence_explosion.txt,SOURCE-20251029-youtube-interview-mberman-sam_altman_reveals_exact_date_of_intelligence.txt,/Users/home/Desktop/syncrescendence/SOURCES/raw/SOURCE-20251029-youtube-interview-mberman-sam_altman_reveals_exact_date_of_intelligence.txt
/Users/home/Desktop/syncrescendence/SOURCES/raw/transcripts/20251027-youtube_video-david_carbutt-cathie_wood.txt,20251027-youtube_video-david_carbutt-cathie_wood.txt,SOURCE-20251027-youtube-interview-carbutt-cathie_wood.txt,/Users/home/Desktop/syncrescendence/SOURCES/raw/SOURCE-20251027-youtube-interview-carbutt-cathie_wood.txt
/Users/home/Desktop/syncrescendence/SOURCES/raw/transcripts/20251020-youtube_video-big_think-peter_leyden.txt,20251020-youtube_video-big_think-peter_leyden.txt,SOURCE-20251020-youtube-interview-bigthink-peter_leyden.txt,/Users/home/Desktop/syncrescendence/SOURCES/raw/SOURCE-20251020-youtube-interview-bigthink-peter_leyden.txt
/Users/home/Desktop/syncrescendence/SOURCES/raw/transcripts/20251024-youtube_video-arc_prize-francoise_chollet_and_mike_knoop.md,20251024-youtube_video-arc_prize-francoise_chollet_and_mike_knoop.md,SOURCE-20251024-youtube-interview-arcprize-francoise_chollet_and_mike_knoop.md,/Users/home/Desktop/syncrescendence/SOURCES/raw/SOURCE-20251024-youtube-interview-arcprize-francoise_chollet_and_mike_knoop.md
/Users/home/Desktop/syncrescendence/SOURCES/raw/transcripts/20251024-youtube_video-arc_prize-francoise_chollet_and_mike_knoop.txt,20251024-youtube_video-arc_prize-francoise_chollet_and_mike_knoop.txt,SOURCE-20251024-youtube-interview-arcprize-francoise_chollet_and_mike_knoop.txt,/Users/home/Desktop/syncrescendence/SOURCES/raw/SOURCE-20251024-youtube-interview-arcprize-francoise_chollet_and_mike_knoop.txt
/Users/home/Desktop/syncrescendence/SOURCES/raw/transcripts/20251014-youtube_video-citadel_securities-jensen_huang.md,20251014-youtube_video-citadel_securities-jensen_huang.md,SOURCE-20251014-youtube-interview-citadel-jensen_huang.md,/Users/home/Desktop/syncrescendence/SOURCES/raw/SOURCE-20251014-youtube-interview-citadel-jensen_huang.md
/Users/home/Desktop/syncrescendence/SOURCES/raw/transcripts/20251021-youtube_video-tbpn-bryan_johnson.txt,20251021-youtube_video-tbpn-bryan_johnson.txt,SOURCE-20251021-youtube-interview-tbpn-bryan_johnson.txt,/Users/home/Desktop/syncrescendence/SOURCES/raw/SOURCE-20251021-youtube-interview-tbpn-bryan_johnson.txt
/Users/home/Desktop/syncrescendence/SOURCES/raw/transcripts/20251021-youtube_video-relentless-justin_fiaschetti.md,20251021-youtube_video-relentless-justin_fiaschetti.md,SOURCE-20251021-youtube-interview-relentless-justin_fiaschetti.md,/Users/home/Desktop/syncrescendence/SOURCES/raw/SOURCE-20251021-youtube-interview-relentless-justin_fiaschetti.md
/Users/home/Desktop/syncrescendence/SOURCES/raw/new perspectives/txt/20251226-youtube_video-ai_daily_brief.txt,20251226-youtube_video-ai_daily_brief.txt,SOURCE-20251226-youtube-interview-aidaily-content.txt,/Users/home/Desktop/syncrescendence/SOURCES/raw/SOURCE-20251226-youtube-interview-aidaily-content.txt
/Users/home/Desktop/syncrescendence/SOURCES/raw/new perspectives/txt/20251223-youtube_video-ai_daily_brief-mike_kreiger.md,20251223-youtube_video-ai_daily_brief-mike_kreiger.md,SOURCE-20251223-youtube-interview-aidaily-mike_kreiger.md,/Users/home/Desktop/syncrescendence/SOURCES/raw/SOURCE-20251223-youtube-interview-aidaily-mike_kreiger.md
/Users/home/Desktop/syncrescendence/SOURCES/raw/new perspectives/txt/20251226-youtube_video-a16z.md,20251226-youtube_video-a16z.md,SOURCE-20251226-youtube-interview-a16z-content.md,/Users/home/Desktop/syncrescendence/SOURCES/raw/SOURCE-20251226-youtube-interview-a16z-content.md
/Users/home/Desktop/syncrescendence/SOURCES/raw/new perspectives/txt/20251224_youtube_video-machine_learning_street_talk-mike_israetel.txt,20251224_youtube_video-machine_learning_street_talk-mike_israetel.txt,SOURCE-20251224-youtube-interview-mlst-mike_israetel.txt,/Users/home/Desktop/syncrescendence/SOURCES/raw/SOURCE-20251224-youtube-interview-mlst-mike_israetel.txt
/Users/home/Desktop/syncrescendence/SOURCES/raw/new perspectives/txt/20251222-youtube_video-neil_mcdevitt.md,20251222-youtube_video-neil_mcdevitt.md,SOURCE-20251222-youtube-interview-20251222_youtub-neil_mcdevitt.md,/Users/home/Desktop/syncrescendence/SOURCES/raw/SOURCE-20251222-youtube-interview-20251222_youtub-neil_mcdevitt.md
/Users/home/Desktop/syncrescendence/SOURCES/raw/new perspectives/txt/20251223-youtube_video-ai_daily_brief-mike_kreiger.txt,20251223-youtube_video-ai_daily_brief-mike_kreiger.txt,SOURCE-20251223-youtube-interview-aidaily-mike_kreiger.txt,/Users/home/Desktop/syncrescendence/SOURCES/raw/SOURCE-20251223-youtube-interview-aidaily-mike_kreiger.txt
/Users/home/Desktop/syncrescendence/SOURCES/raw/new perspectives/txt/20251223-youtube_video-dwarkesh_patel.txt,20251223-youtube_video-dwarkesh_patel.txt,SOURCE-20251223-youtube-interview-dwarkesh-content.txt,/Users/home/Desktop/syncrescendence/SOURCES/raw/SOURCE-20251223-youtube-interview-dwarkesh-content.txt
/Users/home/Desktop/syncrescendence/SOURCES/raw/new perspectives/txt/20251226-youtube_video-david_shapiro.txt,20251226-youtube_video-david_shapiro.txt,SOURCE-20251226-youtube-interview-dshapiro-content.txt,/Users/home/Desktop/syncrescendence/SOURCES/raw/SOURCE-20251226-youtube-interview-dshapiro-content.txt
/Users/home/Desktop/syncrescendence/SOURCES/raw/new perspectives/txt/20251222-youtube_video-machine_learning_street_talk.md,20251222-youtube_video-machine_learning_street_talk.md,SOURCE-20251222-youtube-interview-mlst-content.md,/Users/home/Desktop/syncrescendence/SOURCES/raw/SOURCE-20251222-youtube-interview-mlst-content.md
/Users/home/Desktop/syncrescendence/SOURCES/raw/new perspectives/txt/20251222-youtube_video-a16z.md,20251222-youtube_video-a16z.md,SOURCE-20251222-youtube-interview-a16z-content.md,/Users/home/Desktop/syncrescendence/SOURCES/raw/SOURCE-20251222-youtube-interview-a16z-content.md
/Users/home/Desktop/syncrescendence/SOURCES/raw/new perspectives/txt/20251224_youtube_video-machine_learning_street_talk-mike_israetel.md,20251224_youtube_video-machine_learning_street_talk-mike_israetel.md,SOURCE-20251224-youtube-interview-mlst-mike_israetel.md,/Users/home/Desktop/syncrescendence/SOURCES/raw/SOURCE-20251224-youtube-interview-mlst-mike_israetel.md
/Users/home/Desktop/syncrescendence/SOURCES/raw/new perspectives/txt/20251226-youtube_video-ai_daily_brief.md,20251226-youtube_video-ai_daily_brief.md,SOURCE-20251226-youtube-interview-aidaily-content.md,/Users/home/Desktop/syncrescendence/SOURCES/raw/SOURCE-20251226-youtube-interview-aidaily-content.md
/Users/home/Desktop/syncrescendence/SOURCES/raw/new perspectives/txt/20251226-youtube_video-ibm_technology.md,20251226-youtube_video-ibm_technology.md,SOURCE-20251226-youtube-interview-20251226_youtub-ibm_technology.md,/Users/home/Desktop/syncrescendence/SOURCES/raw/SOURCE-20251226-youtube-interview-20251226_youtub-ibm_technology.md
/Users/home/Desktop/syncrescendence/SOURCES/raw/new perspectives/txt/20251226-youtube_video-a16z.txt,20251226-youtube_video-a16z.txt,SOURCE-20251226-youtube-interview-a16z-content.txt,/Users/home/Desktop/syncrescendence/SOURCES/raw/SOURCE-20251226-youtube-interview-a16z-content.txt
/Users/home/Desktop/syncrescendence/SOURCES/raw/new perspectives/txt/20251227-youtube_video-neil_mcdevitt.md,20251227-youtube_video-neil_mcdevitt.md,SOURCE-20251227-youtube-interview-20251227_youtub-neil_mcdevitt.md,/Users/home/Desktop/syncrescendence/SOURCES/raw/SOURCE-20251227-youtube-interview-20251227_youtub-neil_mcdevitt.md
/Users/home/Desktop/syncrescendence/SOURCES/raw/new perspectives/txt/20251222-youtube_video-a16z.txt,20251222-youtube_video-a16z.txt,SOURCE-20251222-youtube-interview-a16z-content.txt,/Users/home/Desktop/syncrescendence/SOURCES/raw/SOURCE-20251222-youtube-interview-a16z-content.txt
/Users/home/Desktop/syncrescendence/SOURCES/raw/new perspectives/txt/20251223-youtube_video-dwarkesh_patel.md,20251223-youtube_video-dwarkesh_patel.md,SOURCE-20251223-youtube-interview-dwarkesh-content.md,/Users/home/Desktop/syncrescendence/SOURCES/raw/SOURCE-20251223-youtube-interview-dwarkesh-content.md
/Users/home/Desktop/syncrescendence/SOURCES/raw/new perspectives/txt/20251226-youtube_video-david_shapiro.md,20251226-youtube_video-david_shapiro.md,SOURCE-20251226-youtube-interview-dshapiro-content.md,/Users/home/Desktop/syncrescendence/SOURCES/raw/SOURCE-20251226-youtube-interview-dshapiro-content.md
/Users/home/Desktop/syncrescendence/SOURCES/raw/new perspectives/txt/20251222-youtube_video-neil_mcdevitt.txt,20251222-youtube_video-neil_mcdevitt.txt,SOURCE-20251222-youtube-interview-20251222_youtub-neil_mcdevitt.txt,/Users/home/Desktop/syncrescendence/SOURCES/raw/SOURCE-20251222-youtube-interview-20251222_youtub-neil_mcdevitt.txt
/Users/home/Desktop/syncrescendence/SOURCES/raw/new perspectives/txt/20251222-youtube_video-machine_learning_street_talk.txt,20251222-youtube_video-machine_learning_street_talk.txt,SOURCE-20251222-youtube-interview-mlst-content.txt,/Users/home/Desktop/syncrescendence/SOURCES/raw/SOURCE-20251222-youtube-interview-mlst-content.txt
/Users/home/Desktop/syncrescendence/SOURCES/raw/new perspectives/txt/20251227-youtube_video-neil_mcdevitt.txt,20251227-youtube_video-neil_mcdevitt.txt,SOURCE-20251227-youtube-interview-20251227_youtub-neil_mcdevitt.txt,/Users/home/Desktop/syncrescendence/SOURCES/raw/SOURCE-20251227-youtube-interview-20251227_youtub-neil_mcdevitt.txt
/Users/home/Desktop/syncrescendence/SOURCES/raw/new perspectives/txt/20251226-youtube_video-ibm_technology.txt,20251226-youtube_video-ibm_technology.txt,SOURCE-20251226-youtube-interview-20251226_youtub-ibm_technology.txt,/Users/home/Desktop/syncrescendence/SOURCES/raw/SOURCE-20251226-youtube-interview-20251226_youtub-ibm_technology.txt
/Users/home/Desktop/syncrescendence/SOURCES/raw/Physical AI/20250912-youtube_video-dwarkesh_patel-sergey_levine.txt,20250912-youtube_video-dwarkesh_patel-sergey_levine.txt,SOURCE-20250912-youtube-interview-dwarkesh-sergey_levine.txt,/Users/home/Desktop/syncrescendence/SOURCES/raw/SOURCE-20250912-youtube-interview-dwarkesh-sergey_levine.txt
/Users/home/Desktop/syncrescendence/SOURCES/raw/Physical AI/20250912-youtube_video-dwarkesh_patel-sergey_levine.md,20250912-youtube_video-dwarkesh_patel-sergey_levine.md,SOURCE-20250912-youtube-interview-dwarkesh-sergey_levine.md,/Users/home/Desktop/syncrescendence/SOURCES/raw/SOURCE-20250912-youtube-interview-dwarkesh-sergey_levine.md
/Users/home/Desktop/syncrescendence/SOURCES/raw/0/lecture/two_bit_davinci/ How Dyson Fixed Vertical Farming's BIGGEST Problem.txt, How Dyson Fixed Vertical Farming's BIGGEST Problem.txt,SOURCE-00000000-youtube-lecture-tbd-how_dyson_fixed_vertical_farmings_biggest_pro.txt,/Users/home/Desktop/syncrescendence/SOURCES/raw/SOURCE-00000000-youtube-lecture-tbd-how_dyson_fixed_vertical_farmings_biggest_pro.txt
/Users/home/Desktop/syncrescendence/SOURCES/raw/0/lecture/engineering_institute_of_technology/20251024-youtube_video-engineering_institute_of_technology-henrik_von_scheel.txt,20251024-youtube_video-engineering_institute_of_technology-henrik_von_scheel.txt,SOURCE-20251024-youtube-lecture-eit-henrik_von_scheel.txt,/Users/home/Desktop/syncrescendence/SOURCES/raw/SOURCE-20251024-youtube-lecture-eit-henrik_von_scheel.txt
/Users/home/Desktop/syncrescendence/SOURCES/raw/0/lecture/engineering_institute_of_technology/20251024-youtube_video-engineering_institute_of_technology-henrik_von_scheel.md,20251024-youtube_video-engineering_institute_of_technology-henrik_von_scheel.md,SOURCE-20251024-youtube-lecture-eit-henrik_von_scheel.md,/Users/home/Desktop/syncrescendence/SOURCES/raw/SOURCE-20251024-youtube-lecture-eit-henrik_von_scheel.md
/Users/home/Desktop/syncrescendence/SOURCES/raw/0/lecture/wired/20250624-youtube_video-wired-matt_lerner_neurodiversity.txt,20250624-youtube_video-wired-matt_lerner_neurodiversity.txt,SOURCE-20250624-youtube-lecture-wired-matt_lerner_neurodiversity.txt,/Users/home/Desktop/syncrescendence/SOURCES/raw/SOURCE-20250624-youtube-lecture-wired-matt_lerner_neurodiversity.txt
/Users/home/Desktop/syncrescendence/SOURCES/raw/0/lecture/long_now/20250320-youtube_video-long_now-benjamin_bratton.txt,20250320-youtube_video-long_now-benjamin_bratton.txt,SOURCE-20250320-youtube-lecture-longnow-benjamin_bratton.txt,/Users/home/Desktop/syncrescendence/SOURCES/raw/SOURCE-20250320-youtube-lecture-longnow-benjamin_bratton.txt
/Users/home/Desktop/syncrescendence/SOURCES/raw/0/lecture/long_now/20250528-youtube_video-long_now-sara_imari_walker.txt,20250528-youtube_video-long_now-sara_imari_walker.txt,SOURCE-20250528-youtube-lecture-longnow-sara_imari_walker.txt,/Users/home/Desktop/syncrescendence/SOURCES/raw/SOURCE-20250528-youtube-lecture-longnow-sara_imari_walker.txt
/Users/home/Desktop/syncrescendence/SOURCES/raw/0/lecture/long_now/20250528-youtube_video-long_now-sara_imari_walker.md,20250528-youtube_video-long_now-sara_imari_walker.md,SOURCE-20250528-youtube-lecture-longnow-sara_imari_walker.md,/Users/home/Desktop/syncrescendence/SOURCES/raw/SOURCE-20250528-youtube-lecture-longnow-sara_imari_walker.md
/Users/home/Desktop/syncrescendence/SOURCES/raw/0/lecture/long_now/20250320-youtube_video-long_now-benjamin_bratton.md,20250320-youtube_video-long_now-benjamin_bratton.md,SOURCE-20250320-youtube-lecture-longnow-benjamin_bratton.md,/Users/home/Desktop/syncrescendence/SOURCES/raw/SOURCE-20250320-youtube-lecture-longnow-benjamin_bratton.md
/Users/home/Desktop/syncrescendence/SOURCES/raw/0/lecture/big_think/20251025-youtube_video-big_think-freethink-peter_leyden.txt,20251025-youtube_video-big_think-freethink-peter_leyden.txt,SOURCE-20251025-youtube-lecture-bigthink-peter_leyden.txt,/Users/home/Desktop/syncrescendence/SOURCES/raw/SOURCE-20251025-youtube-lecture-bigthink-peter_leyden.txt
/Users/home/Desktop/syncrescendence/SOURCES/raw/0/lecture/big_think/20251025-youtube_video-big_think-freethink-peter_leyden.md,20251025-youtube_video-big_think-freethink-peter_leyden.md,SOURCE-20251025-youtube-lecture-bigthink-peter_leyden.md,/Users/home/Desktop/syncrescendence/SOURCES/raw/SOURCE-20251025-youtube-lecture-bigthink-peter_leyden.md
/Users/home/Desktop/syncrescendence/SOURCES/raw/0/frequent/pundit /farzad/20251022-youtube_video-farzad-tesla_ai_bts.txt,20251022-youtube_video-farzad-tesla_ai_bts.txt,SOURCE-20251022-youtube-interview-farzad-tesla_ai_bts.txt,/Users/home/Desktop/syncrescendence/SOURCES/raw/SOURCE-20251022-youtube-interview-farzad-tesla_ai_bts.txt
/Users/home/Desktop/syncrescendence/SOURCES/raw/0/frequent/pundit /farzad/20251022-youtube_video-farzad-tesla_q3.txt,20251022-youtube_video-farzad-tesla_q3.txt,SOURCE-20251022-youtube-interview-farzad-tesla_q3.txt,/Users/home/Desktop/syncrescendence/SOURCES/raw/SOURCE-20251022-youtube-interview-farzad-tesla_q3.txt
/Users/home/Desktop/syncrescendence/SOURCES/raw/0/frequent/pundit /farzad/20251023-youtube_video-farzad-michael_dunne.txt,20251023-youtube_video-farzad-michael_dunne.txt,SOURCE-20251023-youtube-interview-farzad-michael_dunne.txt,/Users/home/Desktop/syncrescendence/SOURCES/raw/SOURCE-20251023-youtube-interview-farzad-michael_dunne.txt
/Users/home/Desktop/syncrescendence/SOURCES/raw/0/frequent/pundit /farzad/20251022-youtube_video-farzad-matt_smith-hans_nelson.txt,20251022-youtube_video-farzad-matt_smith-hans_nelson.txt,SOURCE-20251022-youtube-interview-farzad-matt_smith_hans_nelson.txt,/Users/home/Desktop/syncrescendence/SOURCES/raw/SOURCE-20251022-youtube-interview-farzad-matt_smith_hans_nelson.txt
/Users/home/Desktop/syncrescendence/SOURCES/raw/0/frequent/pundit /david_carbutt/20251024-youtube_video-david_carbutt.txt,20251024-youtube_video-david_carbutt.txt,SOURCE-20251024-youtube-interview-carbutt-content.txt,/Users/home/Desktop/syncrescendence/SOURCES/raw/SOURCE-20251024-youtube-interview-carbutt-content.txt
/Users/home/Desktop/syncrescendence/SOURCES/raw/0/interviewers/ai/a16z/20251020-youtube_video-a16z-reid_hoffman.md,20251020-youtube_video-a16z-reid_hoffman.md,SOURCE-20251020-youtube-interview-a16z-reid_hoffman.md,/Users/home/Desktop/syncrescendence/SOURCES/raw/SOURCE-20251020-youtube-interview-a16z-reid_hoffman.md
/Users/home/Desktop/syncrescendence/SOURCES/raw/0/interviewers/ai/a16z/20251031-youtube_video-a16z-marc_andreessen_and_ben_horowitz.txt,20251031-youtube_video-a16z-marc_andreessen_and_ben_horowitz.txt,SOURCE-20251031-youtube-interview-a16z-marc_andreessen_and_ben_horowitz.txt,/Users/home/Desktop/syncrescendence/SOURCES/raw/SOURCE-20251031-youtube-interview-a16z-marc_andreessen_and_ben_horowitz.txt
/Users/home/Desktop/syncrescendence/SOURCES/raw/0/interviewers/ai/a16z/20251020-youtube_video-a16z-reid_hoffman.txt,20251020-youtube_video-a16z-reid_hoffman.txt,SOURCE-20251020-youtube-interview-a16z-reid_hoffman.txt,/Users/home/Desktop/syncrescendence/SOURCES/raw/SOURCE-20251020-youtube-interview-a16z-reid_hoffman.txt
/Users/home/Desktop/syncrescendence/SOURCES/raw/0/interviewers/ai/a16z/20251031-youtube_video-a16z-marc_andreessen_and_ben_horowitz.md,20251031-youtube_video-a16z-marc_andreessen_and_ben_horowitz.md,SOURCE-20251031-youtube-interview-a16z-marc_andreessen_and_ben_horowitz.md,/Users/home/Desktop/syncrescendence/SOURCES/raw/SOURCE-20251031-youtube-interview-a16z-marc_andreessen_and_ben_horowitz.md
/Users/home/Desktop/syncrescendence/SOURCES/raw/0/interviewers/ai/machine_learning_street_talk/20251025-youtube_video-machine_learning_street_talk-blaise_aguera_y_arcas.txt,20251025-youtube_video-machine_learning_street_talk-blaise_aguera_y_arcas.txt,SOURCE-20251025-youtube-interview-mlst-blaise_aguera_y_arcas.txt,/Users/home/Desktop/syncrescendence/SOURCES/raw/SOURCE-20251025-youtube-interview-mlst-blaise_aguera_y_arcas.txt
/Users/home/Desktop/syncrescendence/SOURCES/raw/0/interviewers/ai/machine_learning_street_talk/20251021-youtube_video-machine_learning_street_talk-chris_kempes.txt,20251021-youtube_video-machine_learning_street_talk-chris_kempes.txt,SOURCE-20251021-youtube-interview-mlst-chris_kempes.txt,/Users/home/Desktop/syncrescendence/SOURCES/raw/SOURCE-20251021-youtube-interview-mlst-chris_kempes.txt
/Users/home/Desktop/syncrescendence/SOURCES/raw/0/interviewers/ai/machine_learning_street_talk/20251025-youtube_video-machine_learning_street_talk-blaise_aguera_y_arcas.md,20251025-youtube_video-machine_learning_street_talk-blaise_aguera_y_arcas.md,SOURCE-20251025-youtube-interview-mlst-blaise_aguera_y_arcas.md,/Users/home/Desktop/syncrescendence/SOURCES/raw/SOURCE-20251025-youtube-interview-mlst-blaise_aguera_y_arcas.md
/Users/home/Desktop/syncrescendence/SOURCES/raw/0/interviewers/ai/machine_learning_street_talk/20251021-youtube_video-machine_learning_street_talk-chris_kempes.md,20251021-youtube_video-machine_learning_street_talk-chris_kempes.md,SOURCE-20251021-youtube-interview-mlst-chris_kempes.md,/Users/home/Desktop/syncrescendence/SOURCES/raw/SOURCE-20251021-youtube-interview-mlst-chris_kempes.md
/Users/home/Desktop/syncrescendence/SOURCES/raw/0/interviewers/ai/next_wave/20251021-youtube_video-next_wave-maria_gharib.txt,20251021-youtube_video-next_wave-maria_gharib.txt,SOURCE-20251021-youtube-interview-nextwave-maria_gharib.txt,/Users/home/Desktop/syncrescendence/SOURCES/raw/SOURCE-20251021-youtube-interview-nextwave-maria_gharib.txt
/Users/home/Desktop/syncrescendence/SOURCES/raw/0/interviewers/ai/wes_and_dylan/20251022-youtube_video-wes_and_dylan-alex_duffy.txt,20251022-youtube_video-wes_and_dylan-alex_duffy.txt,SOURCE-20251022-youtube-interview-wesdylan-alex_duffy.txt,/Users/home/Desktop/syncrescendence/SOURCES/raw/SOURCE-20251022-youtube-interview-wesdylan-alex_duffy.txt
"/Users/home/Desktop/syncrescendence/SOURCES/raw/0/interviewers/ai/unsupervised_learning/AI Round-up- Karpathy Reactions, OpenAI’s Dealmaking, & Bubble Reality Check.txt","AI Round-up- Karpathy Reactions, OpenAI’s Dealmaking, & Bubble Reality Check.txt",SOURCE-00000000-youtube-interview-openai-ai_round_up_karpathy_reactions_s_dealmaking_b.txt,/Users/home/Desktop/syncrescendence/SOURCES/raw/SOURCE-00000000-youtube-interview-openai-ai_round_up_karpathy_reactions_s_dealmaking_b.txt
/Users/home/Desktop/syncrescendence/SOURCES/raw/0/interviewers/ai/anders_indset/20251013-youtube_video-anders_indset-matthew_kinsella.txt,20251013-youtube_video-anders_indset-matthew_kinsella.txt,SOURCE-20251013-youtube-interview-indset-matthew_kinsella.txt,/Users/home/Desktop/syncrescendence/SOURCES/raw/SOURCE-20251013-youtube-interview-indset-matthew_kinsella.txt
/Users/home/Desktop/syncrescendence/SOURCES/raw/0/interviewers/ai/anders_indset/20251013-youtube_video-anders_indset-matthew_kinsella.md,20251013-youtube_video-anders_indset-matthew_kinsella.md,SOURCE-20251013-youtube-interview-indset-matthew_kinsella.md,/Users/home/Desktop/syncrescendence/SOURCES/raw/SOURCE-20251013-youtube-interview-indset-matthew_kinsella.md
/Users/home/Desktop/syncrescendence/SOURCES/raw/0/interviewers/scale_ai/20251023-youtube_video-scale_ai-chain_of_thought-mcp_atlas_benchmark.txt,20251023-youtube_video-scale_ai-chain_of_thought-mcp_atlas_benchmark.txt,SOURCE-20251023-youtube-interview-scaleai-chain_of_thought_mcp_atlas_benchmark.txt,/Users/home/Desktop/syncrescendence/SOURCES/raw/SOURCE-20251023-youtube-interview-scaleai-chain_of_thought_mcp_atlas_benchmark.txt
/Users/home/Desktop/syncrescendence/SOURCES/raw/0/interviewers/scale_ai/20251023-youtube_video-scale_ai-chain_of_thought-mcp_atlas_benchmark.md,20251023-youtube_video-scale_ai-chain_of_thought-mcp_atlas_benchmark.md,SOURCE-20251023-youtube-interview-scaleai-chain_of_thought_mcp_atlas_benchmark.md,/Users/home/Desktop/syncrescendence/SOURCES/raw/SOURCE-20251023-youtube-interview-scaleai-chain_of_thought_mcp_atlas_benchmark.md
/Users/home/Desktop/syncrescendence/SOURCES/raw/0/interviewers/culture/chris_williamson/20251027-youtube_video-chris_williamson-alex_oconnor_&_joe_folley.txt,20251027-youtube_video-chris_williamson-alex_oconnor_&_joe_folley.txt,SOURCE-20251027-youtube-interview-chriswill-alex_oconnor__joe_folley.txt,/Users/home/Desktop/syncrescendence/SOURCES/raw/SOURCE-20251027-youtube-interview-chriswill-alex_oconnor__joe_folley.txt
/Users/home/Desktop/syncrescendence/SOURCES/raw/0/New Folder With Items 3/The Next Renaissance is Coming.md,The Next Renaissance is Coming.md,SOURCE-00000000-youtube-interview-the_next_renais-the_next_renaissance_is_coming.md,/Users/home/Desktop/syncrescendence/SOURCES/raw/SOURCE-00000000-youtube-interview-the_next_renais-the_next_renaissance_is_coming.md
/Users/home/Desktop/syncrescendence/SOURCES/raw/0/New Folder With Items 3/The Highest Levels of Thinking Explaine.md,The Highest Levels of Thinking Explaine.md,SOURCE-00000000-youtube-interview-the_highest_lev-the_highest_levels_of_thinking_explaine.md,/Users/home/Desktop/syncrescendence/SOURCES/raw/SOURCE-00000000-youtube-interview-the_highest_lev-the_highest_levels_of_thinking_explaine.md
/Users/home/Desktop/syncrescendence/SOURCES/raw/0/daily/consultant/nate_b_jones/I Spent 200 Hours Teaching AI Writing—Here Are 6 Principles Everyone Gets WRONG (+ Demo Prompt).txt,I Spent 200 Hours Teaching AI Writing—Here Are 6 Principles Everyone Gets WRONG (+ Demo Prompt).txt,SOURCE-00000000-youtube-interview-nbj-i_spent_200_hours_teaching_ai_writinghere_are.txt,/Users/home/Desktop/syncrescendence/SOURCES/raw/SOURCE-00000000-youtube-interview-nbj-i_spent_200_hours_teaching_ai_writinghere_are.txt
/Users/home/Desktop/syncrescendence/SOURCES/raw/0/daily/consultant/nate_b_jones/I Tested Claude & ChatGPT's New Knowledge Connectors—Here's Your TLDR + Pros & Cons.txt,I Tested Claude & ChatGPT's New Knowledge Connectors—Here's Your TLDR + Pros & Cons.txt,SOURCE-00000000-youtube-interview-ted-i_tes_claude_chatgpts_new_knowledge_connector.txt,/Users/home/Desktop/syncrescendence/SOURCES/raw/SOURCE-00000000-youtube-interview-ted-i_tes_claude_chatgpts_new_knowledge_connector.txt
/Users/home/Desktop/syncrescendence/SOURCES/raw/0/daily/consultant/nate_b_jones/Why the Best Al Tools Look NOTHING Like ChatGPT.txt,Why the Best Al Tools Look NOTHING Like ChatGPT.txt,SOURCE-00000000-youtube-interview-nbj-why_the_best_al_tools_look_nothing_like_chatg.txt,/Users/home/Desktop/syncrescendence/SOURCES/raw/SOURCE-00000000-youtube-interview-nbj-why_the_best_al_tools_look_nothing_like_chatg.txt
/Users/home/Desktop/syncrescendence/SOURCES/raw/0/daily/consultant/nate_b_jones/NEW- Claude's 'Super Prompts' Will Save You DAYS of Work (Full Tutorial + Demo).txt,NEW- Claude's 'Super Prompts' Will Save You DAYS of Work (Full Tutorial + Demo).txt,SOURCE-00000000-youtube-tutorial-nbj-new_claudes_super_prompts_will_save_you_days.txt,/Users/home/Desktop/syncrescendence/SOURCES/raw/SOURCE-00000000-youtube-tutorial-nbj-new_claudes_super_prompts_will_save_you_days.txt
/Users/home/Desktop/syncrescendence/SOURCES/raw/0/daily/consultant/nate_b_jones/When C-Suite FAILS at Al - 9 Mistakes CEOs Make and How to Avoid Multi-Million Dollar Al Disasters.txt,When C-Suite FAILS at Al - 9 Mistakes CEOs Make and How to Avoid Multi-Million Dollar Al Disasters.txt,SOURCE-00000000-youtube-interview-nbj-when_c_suite_fails_at_al_9_mistakes_ceos_make.txt,/Users/home/Desktop/syncrescendence/SOURCES/raw/SOURCE-00000000-youtube-interview-nbj-when_c_suite_fails_at_al_9_mistakes_ceos_make.txt
/Users/home/Desktop/syncrescendence/SOURCES/raw/0/daily/consultant/nate_b_jones/Claude Skills—From TOY to TOOL- Grab My Tutorial + Custom Skills To Help You Build Skills Fast .txt,Claude Skills—From TOY to TOOL- Grab My Tutorial + Custom Skills To Help You Build Skills Fast .txt,SOURCE-00000000-youtube-tutorial-nbj-claude_skillsfrom_toy_to_tool_grab_my_tutoria.txt,/Users/home/Desktop/syncrescendence/SOURCES/raw/SOURCE-00000000-youtube-tutorial-nbj-claude_skillsfrom_toy_to_tool_grab_my_tutoria.txt
/Users/home/Desktop/syncrescendence/SOURCES/raw/0/daily/consultant/nate_b_jones/ The AI Expertise Bottleneck- How Top 1% Pros Are Scaling Faster Than Ever.txt, The AI Expertise Bottleneck- How Top 1% Pros Are Scaling Faster Than Ever.txt,SOURCE-00000000-youtube-interview-nbj-the_ai_expertise_bottleneck_how_top_1_pros_ar.txt,/Users/home/Desktop/syncrescendence/SOURCES/raw/SOURCE-00000000-youtube-interview-nbj-the_ai_expertise_bottleneck_how_top_1_pros_ar.txt
/Users/home/Desktop/syncrescendence/SOURCES/raw/0/daily/reporter/ai_daily_brief/Al Context Gets Some Major Upgrades.txt,Al Context Gets Some Major Upgrades.txt,SOURCE-00000000-youtube-interview-aidaily-al_context_gets_some_major_upgrades.txt,/Users/home/Desktop/syncrescendence/SOURCES/raw/SOURCE-00000000-youtube-interview-aidaily-al_context_gets_some_major_upgrades.txt
/Users/home/Desktop/syncrescendence/SOURCES/raw/0/daily/presenter/tbpn/20251021-youtube_video-tbpn-palmer_luckey.txt,20251021-youtube_video-tbpn-palmer_luckey.txt,SOURCE-20251021-youtube-interview-tbpn-palmer_luckey.txt,/Users/home/Desktop/syncrescendence/SOURCES/raw/SOURCE-20251021-youtube-interview-tbpn-palmer_luckey.txt
/Users/home/Desktop/syncrescendence/SOURCES/raw/0/creators/pursuit_of_wonder/The Existential Elk Theory .txt,The Existential Elk Theory .txt,SOURCE-00000000-youtube-interview-pow-the_existential_elk_theory.txt,/Users/home/Desktop/syncrescendence/SOURCES/raw/SOURCE-00000000-youtube-interview-pow-the_existential_elk_theory.txt
/Users/home/Desktop/syncrescendence/SOURCES/raw/0/creators/ai_explained/NEW Multi-Agent Protocol (REP by MIT)- 100+ Agents.txt,NEW Multi-Agent Protocol (REP by MIT)- 100+ Agents.txt,SOURCE-00000000-youtube-interview-aiexp-new_multi_agent_protocol_rep_by_mit_100_agent.txt,/Users/home/Desktop/syncrescendence/SOURCES/raw/SOURCE-00000000-youtube-interview-aiexp-new_multi_agent_protocol_rep_by_mit_100_agent.txt
/Users/home/Desktop/syncrescendence/SOURCES/raw/0/creators/justin_sung/How to Be So Productive That It Makes You Dangerous.txt,How to Be So Productive That It Makes You Dangerous.txt,SOURCE-00000000-youtube-interview-jsung-how_to_be_so_productive_that_it_makes_you_dan.txt,/Users/home/Desktop/syncrescendence/SOURCES/raw/SOURCE-00000000-youtube-interview-jsung-how_to_be_so_productive_that_it_makes_you_dan.txt
/Users/home/Desktop/syncrescendence/SOURCES/raw/0/creators/tiago_forte/Google’s NotebookLM is Getting Even More Powerful.txt,Google’s NotebookLM is Getting Even More Powerful.txt,SOURCE-00000000-youtube-interview-tforte-googles_notebooklm_is_getting_even_more_power.txt,/Users/home/Desktop/syncrescendence/SOURCES/raw/SOURCE-00000000-youtube-interview-tforte-googles_notebooklm_is_getting_even_more_power.txt
/Users/home/Desktop/syncrescendence/SOURCES/raw/Biology/Longevity/202050821-youtube_video-dwarkesh_patel-jacob_kimmel.txt,202050821-youtube_video-dwarkesh_patel-jacob_kimmel.txt,SOURCE-20205082-youtube-interview-dwarkesh-1_jacob_kimmel.txt,/Users/home/Desktop/syncrescendence/SOURCES/raw/SOURCE-20205082-youtube-interview-dwarkesh-1_jacob_kimmel.txt
/Users/home/Desktop/syncrescendence/SOURCES/raw/Biology/Evolution/20250626-youtube_video-dwarkesh_patel-george_church.txt,20250626-youtube_video-dwarkesh_patel-george_church.txt,SOURCE-20250626-youtube-interview-dwarkesh-george_church.txt,/Users/home/Desktop/syncrescendence/SOURCES/raw/SOURCE-20250626-youtube-interview-dwarkesh-george_church.txt
/Users/home/Desktop/syncrescendence/SOURCES/raw/Biology/Evolution/20251010-youtube_video-dwarkesh_patel-nick_lane.txt,20251010-youtube_video-dwarkesh_patel-nick_lane.txt,SOURCE-20251010-youtube-interview-dwarkesh-nick_lane.txt,/Users/home/Desktop/syncrescendence/SOURCES/raw/SOURCE-20251010-youtube-interview-dwarkesh-nick_lane.txt
/Users/home/Desktop/syncrescendence/SOURCES/raw/Biology/Sustainability/20250807-youtube_video-dwarkesh_patel-lewis_bollard.txt,20250807-youtube_video-dwarkesh_patel-lewis_bollard.txt,SOURCE-20250807-youtube-interview-dwarkesh-lewis_bollard.txt,/Users/home/Desktop/syncrescendence/SOURCES/raw/SOURCE-20250807-youtube-interview-dwarkesh-lewis_bollard.txt
